session_id,rank,pm
294,12,63.09590537117866
294,11,63.01966577612349
294,10,62.94374649920667
294,9,62.87170479970041
294,8,62.79714117665136
294,7,62.722583959634775
294,6,62.647275790263265
294,5,62.573536793386985
294,4,62.499517314836304
294,3,62.42671723693908
294,2,62.353487726235755
294,1,62.279381479454
293,12,69.89838436231538
293,11,69.83817221875745
293,10,69.768602297094
293,9,69.7106794158899
293,8,69.64842176530932
293,7,69.59598990848747
293,6,69.5423795327674
293,5,69.48549214252228
293,4,69.4237138675852
293,3,69.37005004088634
293,2,69.31585922976947
293,1,69.26053294066966
292,12,51.27409677270323
292,11,51.557915362343905
292,10,51.816941291182246
292,9,52.03458485417036
292,8,52.28782005403694
292,7,52.5177228226876
292,6,52.76619597323721
292,5,53.00145862337073
292,4,53.23369887178652
292,3,53.462734766148856
292,2,53.69072629307803
292,1,53.9168502029064
291,12,65.4693475669408
291,11,65.45464748802848
291,10,65.44076826775486
291,9,65.42611307876993
291,8,65.41058124896354
291,7,65.39633339446023
291,6,65.3802182638463
291,5,65.36523222030341
291,4,65.35036390431753
291,3,65.33451722586992
291,2,65.3217877598496
291,1,65.3069320710356
290,12,54.611143628048204
290,11,54.5907726471718
290,10,54.556181615952106
290,9,54.51930790217867
290,8,54.481800969712985
290,7,54.44744497947712
290,6,54.407933045717634
290,5,54.37769856392423
290,4,54.34458774867149
290,3,54.30905288516555
290,2,54.271975682044875
290,1,54.239657267353145
289,12,80.94164190684437
289,11,80.75702507444893
289,10,80.58055414086091
289,9,80.40777619635158
289,8,80.22748273784038
289,7,80.05167169673243
289,6,79.87664842044731
289,5,79.70138554429393
289,4,79.5238327724006
289,3,79.34969674276535
289,2,79.17575265402478
289,1,79.00105811996933
288,12,77.31297345155667
288,11,77.24009730886392
288,10,77.17023890928795
288,9,77.10750246160134
288,8,77.0574434480492
288,7,77.00593497560497
288,6,76.95614919785255
288,5,76.8978169889692
288,4,76.84837762639101
288,3,76.79917584394511
288,2,76.748925662384
288,1,76.69622962667236
287,12,65.14142027665561
287,11,65.04621068892308
287,10,64.96633618553527
287,9,64.88572133930226
287,8,64.80585003257988
287,7,64.72819538061722
287,6,64.64808237720891
287,5,64.57108366001606
287,4,64.49319253905462
287,3,64.41383258043722
287,2,64.33904207205941
287,1,64.26085870203354
286,12,82.71818315322007
286,11,82.69001704528853
286,10,82.6637179614348
286,9,82.63067781633369
286,8,82.60381588568994
286,7,82.57520098517226
286,6,82.54829559693287
286,5,82.51481170340195
286,4,82.48660589812559
286,3,82.45615253341468
286,2,82.43350645856047
286,1,82.40117730556244
285,12,64.97201648258898
285,11,65.06286187255746
285,10,65.13486320082711
285,9,65.18488948164313
285,8,65.23986584380306
285,7,65.27869287905682
285,6,65.31820348526185
285,5,65.3568916899517
285,4,65.40208466241354
285,3,65.43975149852845
285,2,65.47681272732513
285,1,65.52162694547964
284,12,63.61317996498722
284,11,63.59355439229092
284,10,63.58493826160277
284,9,63.5723510333572
284,8,63.555977367672035
284,7,63.54746316756026
284,6,63.539349474579225
284,5,63.524991458563115
284,4,63.510926796406494
284,3,63.500359581772685
284,2,63.48771917889049
284,1,63.47608986418159
283,12,69.30375855265125
283,11,69.34531427136662
283,10,69.38112965734705
283,9,69.42038386036579
283,8,69.45279973979802
283,7,69.493768708143
283,6,69.53137043209448
283,5,69.55718357558179
283,4,69.59409772339811
283,3,69.63300426944183
283,2,69.66411680269118
283,1,69.70148184479248
282,12,91.83864739970588
282,11,91.85260650451175
282,10,91.8454103233585
282,9,91.83901183621711
282,8,91.85023891526137
282,7,91.8619530864643
282,6,91.8557257804721
282,5,91.8544621672836
282,4,91.85647029031325
282,3,91.86249084640856
282,2,91.8635296291954
282,1,91.86589270298569
281,12,82.3055948055647
281,11,82.48307117473878
281,10,82.62790753061809
281,9,82.78931203520719
281,8,82.94678513245641
281,7,83.11821128766657
281,6,83.25584877067574
281,5,83.40501115495445
281,4,83.5555892265839
281,3,83.70490108660219
281,2,83.84956442722174
281,1,83.99165011169613
280,12,60.43284183420949
280,11,60.45795985815002
280,10,60.55137091452181
280,9,60.604293176050156
280,8,60.682221906192595
280,7,60.73181116435777
280,6,60.78599306171006
280,5,60.83722033708233
280,4,60.89426951871895
280,3,60.94810653926232
280,2,60.99983056585426
280,1,61.05006828592171
279,12,76.77036590652823
279,11,76.83531875711985
279,10,76.85698014554268
279,9,76.84841134592273
279,8,76.83309458951803
279,7,76.81377582728018
279,6,76.79791714680809
279,5,76.80020685825058
279,4,76.79621282163588
279,3,76.78334510919613
279,2,76.77200591916605
279,1,76.76535189885199
278,12,64.68248332347171
278,11,64.70218104515371
278,10,64.66993420834152
278,9,64.6428678533028
278,8,64.63205176561769
278,7,64.58739269270312
278,6,64.56404263540631
278,5,64.54740384450518
278,4,64.52008368667917
278,3,64.50611971478094
278,2,64.48354368266646
278,1,64.4574014073784
277,12,74.1411567979775
277,11,74.13947078479747
277,10,74.1364221440994
277,9,74.13631897606105
277,8,74.12863543936281
277,7,74.1251434641436
277,6,74.11827989636731
277,5,74.11802225459738
277,4,74.11163483791206
277,3,74.10753221094865
277,2,74.10513002833672
277,1,74.10158319363448
276,12,57.680332296253845
276,11,57.66142399774422
276,10,57.644489916719465
276,9,57.63108282933576
276,8,57.6084895347409
276,7,57.59362006746601
276,6,57.57878240890408
276,5,57.557377133001275
276,4,57.539507679379234
276,3,57.52203754017008
276,2,57.50404119073578
276,1,57.48455462124017
275,12,81.02332752662409
275,11,80.85333221333354
275,10,80.68298147344711
275,9,80.51825127671977
275,8,80.3520336699624
275,7,80.18555554579547
275,6,80.0193967849355
275,5,79.85372731463286
275,4,79.69015417876699
275,3,79.52535783206585
275,2,79.36083908435744
275,1,79.1981644494324
274,12,72.03193671573118
274,11,71.94705660524791
274,10,71.85936022420762
274,9,71.77282288285265
274,8,71.6879224000972
274,7,71.60273494255007
274,6,71.51934225682942
274,5,71.43775605531205
274,4,71.35516384724943
274,3,71.27304928153696
274,2,71.1925273461366
274,1,71.11054081204341
273,12,63.75473764700827
273,11,63.69532937971267
273,10,63.631261012181724
273,9,63.566288632842245
273,8,63.49955697425591
273,7,63.4394666740946
273,6,63.37623263444858
273,5,63.309818030680084
273,4,63.244240208891725
273,3,63.180087126157346
273,2,63.115810618932535
273,1,63.050586097842874
272,12,66.9012538628556
272,11,66.89597752127278
272,10,66.89252133862621
272,9,66.89029581358007
272,8,66.88554202645756
272,7,66.88260813677532
272,6,66.88305072281187
272,5,66.87852302336537
272,4,66.8760028038613
272,3,66.87462099454143
272,2,66.87168940256353
272,1,66.86966707629625
271,12,40.40699196190366
271,11,40.47242311617411
271,10,40.52757915379959
271,9,40.59574028068948
271,8,40.67143251494427
271,7,40.70227069417531
271,6,40.77345960182398
271,5,40.82659579886711
271,4,40.87737200429465
271,3,40.92590113702367
271,2,40.9770984634333
271,1,41.026105569912495
270,12,61.441250916044815
270,11,61.52584728719304
270,10,61.62232722961191
270,9,61.69094856435736
270,8,61.778775624745684
270,7,61.860285112552724
270,6,61.94406549652066
270,5,62.027716892559525
270,4,62.109833140118695
270,3,62.1885520646657
270,2,62.26878873578329
270,1,62.346638436309505
269,12,47.04435307490181
269,11,47.02172322480457
269,10,47.005253015689775
269,9,46.9844301099116
269,8,46.96280850464701
269,7,46.94023486257588
269,6,46.9184396590889
269,5,46.896371344193355
269,4,46.87493226108832
269,3,46.855013601668986
269,2,46.835339791404074
269,1,46.81222710776531
268,12,64.67588537649628
268,11,64.6122932403019
268,10,64.54608826173941
268,9,64.48301622781466
268,8,64.42000590101408
268,7,64.35759539533915
268,6,64.29480421237885
268,5,64.23105461238778
268,4,64.16478721054818
268,3,64.10009671531067
268,2,64.03490130195952
268,1,63.97086536289677
267,12,76.0063764244569
267,11,76.11591440066816
267,10,76.2420816866958
267,9,76.37187834477535
267,8,76.47890262891464
267,7,76.59773787838829
267,6,76.70620345256371
267,5,76.81824970798544
267,4,76.9344600165604
267,3,77.0395551729462
267,2,77.14574062493638
267,1,77.25420724971919
266,12,50.56558833713627
266,11,50.65343899958086
266,10,50.74274362995084
266,9,50.828104204338175
266,8,50.91930647166835
266,7,51.006339441717735
266,6,51.08798241849264
266,5,51.175823129399795
266,4,51.26305572302552
266,3,51.34680494750801
266,2,51.43162677387344
266,1,51.51728317425856
265,12,44.055641183829565
265,11,44.34434665141479
265,10,44.623895929496584
265,9,44.904271463770826
265,8,45.17450575337783
265,7,45.45217984038692
265,6,45.725060943138715
265,5,45.99721492289465
265,4,46.26601548458607
265,3,46.52933708585058
265,2,46.79438091355858
265,1,47.05096098608706
264,12,41.51931764035611
264,11,41.48141493054974
264,10,41.43999594814163
264,9,41.401345302948975
264,8,41.365774052831796
264,7,41.32570419577351
264,6,41.28413173198941
264,5,41.2490544226157
264,4,41.20734701380965
264,3,41.16920469226957
264,2,41.130746555059275
264,1,41.09288870530684
263,12,63.990917080521946
263,11,63.97217603194916
263,10,63.98323115176899
263,9,63.96974412980546
263,8,63.945923071207844
263,7,63.93076027363689
263,6,63.91624685075452
263,5,63.91131218944898
263,4,63.89864580828213
263,3,63.881947714153846
263,2,63.87055686987817
263,1,63.8566317754398
262,12,42.758216142567306
262,11,42.75559120952454
262,10,42.74396760052773
262,9,42.73975355676886
262,8,42.738769833436145
262,7,42.7308137254734
262,6,42.72852775553823
262,5,42.72480571985714
262,4,42.71835650680796
262,3,42.713242735733324
262,2,42.714588497364986
262,1,42.70989043097117
261,12,69.14621402922918
261,11,69.04938286228966
261,10,68.9503154614209
261,9,68.85241853118863
261,8,68.75633504487989
261,7,68.65982511412739
261,6,68.56550066890375
261,5,68.46925327663146
261,4,68.37522330820387
261,3,68.28205854567969
261,2,68.18772579668976
261,1,68.09541818756887
260,12,56.51658451964226
260,11,56.560762695538145
260,10,56.59244704610244
260,9,56.61863953167197
260,8,56.65805370497907
260,7,56.68476358219073
260,6,56.70482619443059
260,5,56.735527929517836
260,4,56.758021064188384
260,3,56.78952101474283
260,2,56.81875241309338
260,1,56.84416167592783
259,12,85.64203267697376
259,11,85.86520723307984
259,10,86.04141589897829
259,9,86.21826614793734
259,8,86.42590922590435
259,7,86.62128900541029
259,6,86.78818941882194
259,5,86.97414097334092
259,4,87.1598239075113
259,3,87.33835069198615
259,2,87.50957936155656
259,1,87.68113372914651
258,12,71.06537415561696
258,11,71.07122208383099
258,10,71.07624705971888
258,9,71.08347654739175
258,8,71.06793009411427
258,7,71.06766634205404
258,6,71.0683760166842
258,5,71.07121904501052
258,4,71.07153168247423
258,3,71.07062908683373
258,2,71.07054663008134
258,1,71.06961394992273
257,12,76.50429733425386
257,11,76.41888580723763
257,10,76.37206056522949
257,9,76.4381062048643
257,8,76.34110560529865
257,7,76.30116445154512
257,6,76.22513657689187
257,5,76.18565789381128
257,4,76.13301271636207
257,3,76.06289366792451
257,2,76.0255271008281
257,1,75.96685510545903
256,12,60.398908039873966
256,11,60.41807535826483
256,10,60.44564658833394
256,9,60.47012596235721
256,8,60.491386281740446
256,7,60.51083300019571
256,6,60.53281071497763
256,5,60.55482630730207
256,4,60.58015718133536
256,3,60.600769231215644
256,2,60.624769385636306
256,1,60.64385403404093
255,12,72.3195864285006
255,11,72.32676345863358
255,10,72.31493115683573
255,9,72.30703190789458
255,8,72.30411083464512
255,7,72.29533716134236
255,6,72.29146753931082
255,5,72.28258155122687
255,4,72.27507152883089
255,3,72.26909945840247
255,2,72.26382914871172
255,1,72.25814480561151
254,12,60.02151285139378
254,11,60.11773506747111
254,10,60.21064744437391
254,9,60.30301126281881
254,8,60.39616115077769
254,7,60.48798882150668
254,6,60.57916453903774
254,5,60.66911829613256
254,4,60.75805265780323
254,3,60.84870243555595
254,2,60.93845014320147
254,1,61.02709966436195
253,12,40.10663870640417
253,11,40.14878972580103
253,10,40.180695200705756
253,9,40.21581370620163
253,8,40.250340100959846
253,7,40.28097355495929
253,6,40.31663630717329
253,5,40.35076733776714
253,4,40.38186116268687
253,3,40.415923343855624
253,2,40.448812900166786
253,1,40.479783572441015
252,12,76.19174528567726
252,11,76.13735342055493
252,10,76.07958680788302
252,9,76.02556956098705
252,8,75.97548048438273
252,7,75.92554388053301
252,6,75.86902400387413
252,5,75.8164905737235
252,4,75.76800526208739
252,3,75.71633372449746
252,2,75.66491358976742
252,1,75.61665616248362
251,12,74.50844401906589
251,11,74.454142745835
251,10,74.41919528173233
251,9,74.39454829197169
251,8,74.34811781082429
251,7,74.30719033396304
251,6,74.27389024654693
251,5,74.2406926062775
251,4,74.2052563576205
251,3,74.17016249859635
251,2,74.13625948807328
251,1,74.09434221088682
250,12,65.74962853822849
250,11,65.8083145606116
250,10,65.85186837003289
250,9,65.95589101203386
250,8,65.99733515845523
250,7,66.04854053447515
250,6,66.12487406600509
250,5,66.19525043994852
250,4,66.25910917845708
250,3,66.31987619810182
250,2,66.38621191099587
250,1,66.44590973019893
249,12,64.04964721934851
249,11,64.18282966559434
249,10,64.31836421959122
249,9,64.37473757845193
249,8,64.5024329959274
249,7,64.60448049506492
249,6,64.69740268775007
249,5,64.78971259787117
249,4,64.88563785798513
249,3,64.98515117216832
249,2,65.07585859132938
249,1,65.1663167421826
248,12,49.71331107988697
248,11,49.70678834743809
248,10,49.70303670112081
248,9,49.70479076551841
248,8,49.69821390002281
248,7,49.69124638877806
248,6,49.69126013241523
248,5,49.68498543679995
248,4,49.68017231175167
248,3,49.67713463164891
248,2,49.67299351753329
248,1,49.67133364755459
247,12,53.364231306474196
247,11,53.34610420205284
247,10,53.31585364365371
247,9,53.28514552159286
247,8,53.25579824689971
247,7,53.24230686468352
247,6,53.215748193574
247,5,53.192234190407945
247,4,53.17100826529933
247,3,53.14692372022588
247,2,53.1252307932548
247,1,53.10225167924917
246,12,79.08847519508251
246,11,78.93319290470177
246,10,78.78854509409656
246,9,78.6380538174173
246,8,78.4846367717452
246,7,78.33972989952345
246,6,78.18999888164704
246,5,78.039162844258
246,4,77.8934685466292
246,3,77.74531473080539
246,2,77.59662558796332
246,1,77.45280008037939
245,12,69.33667654538587
245,11,69.44690226972415
245,10,69.47952075722621
245,9,69.5399349108317
245,8,69.59325463540644
245,7,69.64252587823428
245,6,69.6505497470414
245,5,69.6934739830027
245,4,69.72462900983145
245,3,69.76649977823973
245,2,69.79287294507532
245,1,69.82484139934269
244,12,74.35078699950854
244,11,74.46272344303611
244,10,74.44878681250599
244,9,74.48219108802694
244,8,74.47989236444984
244,7,74.49090430400693
244,6,74.47766571066109
244,5,74.47365487082904
244,4,74.47223677579692
244,3,74.4718041120146
244,2,74.46933571868175
244,1,74.47389146117854
243,12,42.33484374962986
243,11,42.282062780290076
243,10,42.22305237378212
243,9,42.16884131431678
243,8,42.11330056551433
243,7,42.058302954535975
243,6,42.006394371528266
243,5,41.955457492032934
243,4,41.902989024474905
243,3,41.84832522287619
243,2,41.796344326205556
243,1,41.74505708695765
242,12,69.4639823945869
242,11,69.7750034887103
242,10,70.07995321099656
242,9,70.36968614046208
242,8,70.65798001840194
242,7,70.95839447469588
242,6,71.24959393027541
242,5,71.52959908200695
242,4,71.81592123820586
242,3,72.09577145255145
242,2,72.37299456565249
242,1,72.64881016307115
241,12,69.3533930851554
241,11,69.34215239608207
241,10,69.3428322963238
241,9,69.33223732686984
241,8,69.33150351065231
241,7,69.32465321125015
241,6,69.31749247168739
241,5,69.31487446553291
241,4,69.30834930252006
241,3,69.30366335299159
241,2,69.29940648889313
241,1,69.29648904570014
240,12,68.9488630323543
240,11,68.92961186062567
240,10,68.9164027719215
240,9,68.89715065978105
240,8,68.88612917483117
240,7,68.86617869700596
240,6,68.8475915376253
240,5,68.83150659800994
240,4,68.81181066859114
240,3,68.79532647213883
240,2,68.77952091857878
240,1,68.75887553773349
239,12,60.82574250567581
239,11,60.833570753598856
239,10,60.838986369161354
239,9,60.84495021118781
239,8,60.85092629759846
239,7,60.8590319285388
239,6,60.860797068513364
239,5,60.86588787954598
239,4,60.875774505445605
239,3,60.8798764833123
239,2,60.88525631724741
239,1,60.89551104144882
238,12,48.74927482447837
238,11,48.707455087885506
238,10,48.66862156002744
238,9,48.62402880778749
238,8,48.56842494503221
238,7,48.52497438213446
238,6,48.48493719157978
238,5,48.44363939267104
238,4,48.40393551751429
238,3,48.35495699443528
238,2,48.314854838453684
238,1,48.269041700921974
237,12,85.94307120125264
237,11,85.99979652939639
237,10,86.00712586989984
237,9,85.99805013049034
237,8,86.02206073871086
237,7,86.0411511465509
237,6,86.07107241693383
237,5,86.08286181984201
237,4,86.09284136530087
237,3,86.10640814592986
237,2,86.13190141515356
237,1,86.1486077454949
236,12,78.41735206841757
236,11,78.26633174149882
236,10,78.12493071656476
236,9,77.96110013939968
236,8,77.80621080652871
236,7,77.67417540700552
236,6,77.52403623986282
236,5,77.37920539704379
236,4,77.22870499724387
236,3,77.08151453994803
236,2,76.93448151792884
236,1,76.79287107516738
235,12,53.67349128884228
235,11,53.596968972067586
235,10,53.57126609906181
235,9,53.53639666339489
235,8,53.50198883472283
235,7,53.46370799959733
235,6,53.428089794032275
235,5,53.393692510482836
235,4,53.355323844612364
235,3,53.324269138908306
235,2,53.28921139540822
235,1,53.25510141626144
234,12,44.620355131053536
234,11,44.60050210057689
234,10,44.57772477748045
234,9,44.553570491299546
234,8,44.5340081158953
234,7,44.51457726281106
234,6,44.4931229222446
234,5,44.469359796214434
234,4,44.449116581589074
234,3,44.42696489252218
234,2,44.407428445010424
234,1,44.38475876003437
233,12,54.61870422896714
233,11,54.58706960035403
233,10,54.56278310352229
233,9,54.52857202964045
233,8,54.50369556041446
233,7,54.475512250087164
233,6,54.44922846906427
233,5,54.41852723810693
233,4,54.39278674574251
233,3,54.361459280569946
233,2,54.33702140286288
233,1,54.30775751398929
232,12,76.2203139500801
232,11,76.13487040583928
232,10,76.04675246900315
232,9,75.96437245519297
232,8,75.88066697175294
232,7,75.797001216249
232,6,75.71771587197986
232,5,75.63611737820209
232,4,75.55755871934497
232,3,75.47890466378158
232,2,75.39963294345509
232,1,75.32226860186104
231,12,83.74144356751509
231,11,83.66747585753733
231,10,83.60706636503922
231,9,83.55722017652785
231,8,83.49485648172946
231,7,83.44180158124333
231,6,83.38200072771357
231,5,83.32763655691072
231,4,83.26724888245194
231,3,83.21058017119975
231,2,83.14970093471031
231,1,83.09175724064042
230,12,64.5263638524321
230,11,64.53115443436342
230,10,64.48251462924726
230,9,64.41317191896765
230,8,64.36521273644388
230,7,64.30175742621216
230,6,64.22705045460997
230,5,64.17342829385636
230,4,64.11338040575858
230,3,64.05954597890575
230,2,64.00075320232088
230,1,63.94666239952266
229,12,30.8344815616065
229,11,30.82239218760058
229,10,30.815245755071313
229,9,30.810051344525768
229,8,30.80289558774046
229,7,30.798945961993407
229,6,30.79057861757791
229,5,30.7834288983226
229,4,30.77710433440976
229,3,30.773222602024703
229,2,30.764867120232786
229,1,30.75924432257354
228,12,34.59912846986264
228,11,34.58476323606836
228,10,34.56896124636076
228,9,34.55795748557749
228,8,34.541083914092034
228,7,34.52242521828998
228,6,34.513402200549585
228,5,34.49530255001237
228,4,34.4806397137981
228,3,34.468417735926295
228,2,34.453946826016654
228,1,34.4377930241679
227,12,43.597778187031274
227,11,43.558439101900056
227,10,43.52828918439277
227,9,43.49320174879937
227,8,43.46081758441895
227,7,43.422982019507124
227,6,43.39062517414683
227,5,43.3560219540429
227,4,43.318576265709666
227,3,43.28709331623329
227,2,43.25227691928642
227,1,43.21914098316962
226,12,59.18525824302561
226,11,59.14781703284297
226,10,59.10581257477322
226,9,59.066685937839836
226,8,59.024472307164075
226,7,58.986247179030016
226,6,58.94750840596171
226,5,58.909789627328145
226,4,58.8693977511031
226,3,58.83259550846173
226,2,58.792820598194275
226,1,58.75534326220676
225,12,71.81433826319274
225,11,71.97234218095862
225,10,72.12561756823904
225,9,72.3049867553693
225,8,72.42003104897702
225,7,72.59737019741488
225,6,72.74155908117808
225,5,72.88165070397557
225,4,73.04080194713073
225,3,73.1765533773108
225,2,73.31608441822215
225,1,73.45949690204355
224,12,33.15473956445942
224,11,33.251124220629045
224,10,33.35608425080089
224,9,33.47694419811975
224,8,33.57669981925977
224,7,33.68207134908029
224,6,33.78247481308099
224,5,33.879684072051326
224,4,33.98443947145877
224,3,34.08243876648696
224,2,34.17911104280484
224,1,34.27457969955664
223,12,62.37734431906852
223,11,62.316964943224285
223,10,62.25705284646112
223,9,62.19545470246223
223,8,62.13474850577607
223,7,62.07412407545862
223,6,62.013864116005344
223,5,61.95236086810351
223,4,61.89054986315511
223,3,61.82925929776476
223,2,61.76739261235756
223,1,61.70501832922312
222,12,80.81050866468918
222,11,80.87652135432106
222,10,80.96887245926405
222,9,81.06805666686918
222,8,81.1246732895229
222,7,81.20625662072104
222,6,81.27929761039955
222,5,81.36029573141805
222,4,81.43444390278351
222,3,81.51134371999794
222,2,81.59009514597534
222,1,81.65998414426956
221,12,63.39699663918655
221,11,63.52022837050869
221,10,63.65272067055711
221,9,63.76226942762597
221,8,63.89576221225309
221,7,64.0348962395218
221,6,64.1373725521088
221,5,64.26537431588476
221,4,64.38972275026983
221,3,64.51000403251615
221,2,64.63647093926731
221,1,64.75473658726317
220,12,48.52906180461905
220,11,48.513201338833795
220,10,48.489429936604864
220,9,48.4511174501068
220,8,48.41824072522719
220,7,48.38605538761177
220,6,48.349319312943805
220,5,48.319153241482546
220,4,48.29101481032384
220,3,48.2591534979565
220,2,48.224777955909275
220,1,48.19625530565457
219,12,70.33502215277684
219,11,70.29204130868507
219,10,70.25271634549922
219,9,70.20913268387989
219,8,70.16438036684166
219,7,70.12478215381962
219,6,70.08166646058275
219,5,70.03721100787641
219,4,69.99729340839625
219,3,69.95360911477165
219,2,69.91156457569106
219,1,69.87027186521013
218,12,51.58765949430105
218,11,51.51448954803087
218,10,51.448650095283064
218,9,51.37156980591804
218,8,51.304230031004366
218,7,51.22534840986446
218,6,51.15716773776245
218,5,51.08528681505865
218,4,51.01498736105874
218,3,50.94418780326682
218,2,50.87564116448636
218,1,50.806447831626976
217,12,74.8638698838259
217,11,74.8055767218419
217,10,74.75425720178615
217,9,74.69443242103294
217,8,74.6393421973874
217,7,74.57924618370889
217,6,74.524694143313
217,5,74.46441927595073
217,4,74.40389641804123
217,3,74.34059954254236
217,2,74.27979541088845
217,1,74.22002103833977
216,12,62.673659140187844
216,11,62.60182739350658
216,10,62.53470492830299
216,9,62.46144795480367
216,8,62.39282944010016
216,7,62.321598097044436
216,6,62.25122910499405
216,5,62.181018217538345
216,4,62.112059282885525
216,3,62.04128285202794
216,2,61.9708410375712
216,1,61.90059378785168
215,12,47.617378638766425
215,11,47.76742811997932
215,10,47.95676708473869
215,9,48.129422464843394
215,8,48.2718938687588
215,7,48.428364890024014
215,6,48.60400363975309
215,5,48.748974549362295
215,4,48.898443712264225
215,3,49.048041452849226
215,2,49.18876217573917
215,1,49.33448917256416
214,12,79.5325879144131
214,11,79.64768910855085
214,10,79.77396271690019
214,9,79.89033542481714
214,8,79.98867203575635
214,7,80.0990081163943
214,6,80.19755430199136
214,5,80.30359098582886
214,4,80.40623010058646
214,3,80.50518705187382
214,2,80.6058463405461
214,1,80.70078155302633
213,12,72.36771039515936
213,11,72.35730151595874
213,10,72.35753509644303
213,9,72.38177468929648
213,8,72.372161527451
213,7,72.37532894518786
213,6,72.35883282609522
213,5,72.36921895535548
213,4,72.36717790060794
213,3,72.36612138056125
213,2,72.36355224155886
213,1,72.3587692254203
212,12,64.81303606811645
212,11,64.80656448153827
212,10,64.78575657353412
212,9,64.76971049636848
212,8,64.74529908880876
212,7,64.70530519003458
212,6,64.67657995247268
212,5,64.66914393753882
212,4,64.64750764566871
212,3,64.62871131201535
212,2,64.60875899607933
212,1,64.58386882802954
211,12,82.94222401583045
211,11,82.89233569640936
211,10,82.85473024569932
211,9,82.81661236699662
211,8,82.77399520876786
211,7,82.7493744690414
211,6,82.71547291702181
211,5,82.68475675930763
211,4,82.64415176433667
211,3,82.61171505813608
211,2,82.57428258061218
211,1,82.53973842163789
210,12,82.62707375944336
210,11,82.48819781703865
210,10,82.35876916737223
210,9,82.22682954963716
210,8,82.09439002951746
210,7,81.95314039078784
210,6,81.82562353553934
210,5,81.69582420630961
210,4,81.56868073902231
210,3,81.43403660228752
210,2,81.3043401838209
210,1,81.174949554183
209,12,90.58863180882031
209,11,90.52011382190655
209,10,90.49516548337922
209,9,90.45385868328417
209,8,90.41911621111814
209,7,90.37528551017519
209,6,90.33580879314644
209,5,90.30718424171005
209,4,90.2658764563783
209,3,90.23645266542883
209,2,90.19615742684789
209,1,90.16354143308223
208,12,89.4253228674214
208,11,89.37553964907407
208,10,89.33058476022384
208,9,89.25854805906033
208,8,89.20313812302376
208,7,89.15329849856967
208,6,89.1192642493446
208,5,89.06896707341141
208,4,89.02298754177954
208,3,88.97729450679397
208,2,88.93350915483771
208,1,88.89028678445989
207,12,77.66231958644546
207,11,77.58204646384512
207,10,77.50149724286186
207,9,77.42052684638881
207,8,77.34443109795394
207,7,77.26066055355585
207,6,77.18559654369703
207,5,77.10700449847839
207,4,77.03017242254415
207,3,76.95721521877103
207,2,76.88210883311328
207,1,76.80469432741499
206,12,64.5462942791702
206,11,64.45765688728787
206,10,64.36142279709786
206,9,64.27489545970448
206,8,64.18379771284798
206,7,64.09686327087424
206,6,64.00664654802144
206,5,63.921129812692165
206,4,63.83494132537155
206,3,63.746971578875595
206,2,63.65961569488286
206,1,63.57306449385423
205,12,76.8932339092952
205,11,77.04276346906434
205,10,77.22865912173093
205,9,77.31861656783168
205,8,77.43420954362321
205,7,77.5738456527169
205,6,77.68177788432911
205,5,77.81652681380594
205,4,77.94401242440617
205,3,78.05232348416254
205,2,78.18803434353207
205,1,78.30997899486341
204,12,75.8310426582967
204,11,75.92996791183745
204,10,76.11522453901401
204,9,76.20509591817675
204,8,76.32365617745124
204,7,76.39458913839492
204,6,76.4641753901881
204,5,76.56520117563005
204,4,76.67481706508426
204,3,76.74655367055848
204,2,76.85032270474089
204,1,76.92712866985622
203,12,59.084795448040346
203,11,59.09602148035103
203,10,59.158730407839116
203,9,59.19421599211022
203,8,59.224568596270984
203,7,59.27158974057645
203,6,59.266016931780406
203,5,59.30889272569198
203,4,59.322828411589526
203,3,59.33504094025507
203,2,59.3609161694574
203,1,59.387229782807694
202,12,66.44453330761212
202,11,66.47287896286983
202,10,66.5133808916367
202,9,66.55744569436145
202,8,66.59772800672759
202,7,66.62305868889801
202,6,66.66495969863146
202,5,66.70596034180012
202,4,66.73546133242765
202,3,66.77646831202821
202,2,66.81064047095117
202,1,66.84465913730334
201,12,64.87061603315443
201,11,65.12273108689588
201,10,65.29678935535532
201,9,65.54378524350231
201,8,65.7617460833004
201,7,65.98547401540674
201,6,66.21118550572608
201,5,66.42655714032088
201,4,66.64361469223319
201,3,66.85263902045483
201,2,67.06690410042455
201,1,67.2761875993205
200,12,89.17537603793771
200,11,89.33723057321275
200,10,89.4758955054247
200,9,89.66164889208028
200,8,89.81309472940937
200,7,89.94833796059307
200,6,90.10059622970945
200,5,90.23942044598101
200,4,90.38253145753568
200,3,90.51897175508623
200,2,90.6576440431478
200,1,90.79166361169547
199,12,80.66601966216689
199,11,80.62457356442214
199,10,80.5786447019168
199,9,80.53309104924652
199,8,80.48877650045254
199,7,80.44782016141392
199,6,80.40051181500952
199,5,80.35741279922641
199,4,80.31339703887556
199,3,80.2698936633597
199,2,80.2270021194529
199,1,80.18384910338786
198,12,80.54317161920817
198,11,80.41454203911042
198,10,80.28083405792255
198,9,80.14703605328506
198,8,80.01474941665431
198,7,79.87761958072815
198,6,79.74134848249336
198,5,79.61040844147313
198,4,79.47650414430585
198,3,79.33997125116439
198,2,79.2054082358635
198,1,79.0741498542583
197,12,60.352570886908495
197,11,60.35816573519641
197,10,60.40044724598895
197,9,60.37690771701689
197,8,60.39481443819309
197,7,60.37206002602449
197,6,60.35877911548929
197,5,60.36383594214492
197,4,60.356597114747395
197,3,60.35001104039567
197,2,60.3448698828154
197,1,60.340555898254905
196,12,46.267410697897624
196,11,46.2299322348532
196,10,46.1915159815614
196,9,46.1524311931895
196,8,46.11538317200412
196,7,46.07852423895678
196,6,46.042783446187194
196,5,46.00366219964455
196,4,45.96697427827197
196,3,45.9274330135442
196,2,45.889743691523336
196,1,45.85174503880258
195,12,68.3749226309848
195,11,68.33818096040751
195,10,68.29653256819611
195,9,68.25331985031072
195,8,68.21449677057163
195,7,68.17574265758302
195,6,68.13447435561227
195,5,68.09528128466631
195,4,68.0563409267764
195,3,68.01787281546811
195,2,67.97756479376726
195,1,67.94060577613779
194,12,78.40444152522973
194,11,78.48373880159596
194,10,78.5659005358659
194,9,78.64503186322541
194,8,78.73049543149278
194,7,78.8048616210467
194,6,78.88612862451826
194,5,78.967517425533
194,4,79.0490256626914
194,3,79.12524293001464
194,2,79.20380061336981
194,1,79.27665015954672
193,12,48.412518138509775
193,11,48.64165215390147
193,10,48.8535661009942
193,9,49.0729944194437
193,8,49.286474581017174
193,7,49.49975096359117
193,6,49.70899260008482
193,5,49.91482234993706
193,4,50.12253944226403
193,3,50.32261366379052
193,2,50.51978555713305
193,1,50.71384548429427
192,12,78.9790432130184
192,11,79.07667179127395
192,10,79.13767271554111
192,9,79.21308509098661
192,8,79.30177413774598
192,7,79.38830069320282
192,6,79.44172521357349
192,5,79.50632154073276
192,4,79.57317978491767
192,3,79.6399265920055
192,2,79.70718123509292
192,1,79.76735793657915
191,12,67.32072247797517
191,11,67.21035232650515
191,10,67.11416735586242
191,9,67.00585938703547
191,8,66.90621164507894
191,7,66.80505092476588
191,6,66.70380780445956
191,5,66.60017919143795
191,4,66.50021315322923
191,3,66.39738945821206
191,2,66.29657958222464
191,1,66.19756649088728
190,12,42.47481582013921
190,11,42.65801539002049
190,10,42.89951589114275
190,9,43.052748288818975
190,8,43.2596565182118
190,7,43.45004457101747
190,6,43.63533702323234
190,5,43.825883943662056
190,4,44.00323307348704
190,3,44.18248061443454
190,2,44.36471518390465
190,1,44.53642088764981
189,12,82.58884035071091
189,11,82.4931263332993
189,10,82.38650716003899
189,9,82.27332339706753
189,8,82.16588298057732
189,7,82.06093211181701
189,6,81.95413681211912
189,5,81.85019508142132
189,4,81.7447855566012
189,3,81.64173110005724
189,2,81.53527192165177
189,1,81.43341785443803
188,12,52.717026170000516
188,11,52.80254810811652
188,10,52.885596338203754
188,9,52.95447180087159
188,8,53.03706870662049
188,7,53.107652395890824
188,6,53.17615712852603
188,5,53.24691708468584
188,4,53.31673874967439
188,3,53.38672307108077
188,2,53.4578953416359
188,1,53.5266969511982
187,12,43.22768567004657
187,11,43.194166795735434
187,10,43.16316903103342
187,9,43.13126176072145
187,8,43.102387305198015
187,7,43.07010953521111
187,6,43.0423067185982
187,5,43.00748301427274
187,4,42.97573450453281
187,3,42.94554225642723
187,2,42.91189051266659
187,1,42.88389068301847
186,12,66.08707897956603
186,11,66.17248887866603
186,10,66.2431511242423
186,9,66.27684763963484
186,8,66.347722889611
186,7,66.40653502484133
186,6,66.46374738598286
186,5,66.51437721072129
186,4,66.56835676379112
186,3,66.6203426303538
186,2,66.67399866909024
186,1,66.72693517029481
185,12,62.646805332784524
185,11,62.63425190324893
185,10,62.6333432209117
185,9,62.60648768275395
185,8,62.589112512147985
185,7,62.5898364293718
185,6,62.589845720420634
185,5,62.57669353791619
185,4,62.56290180159622
185,3,62.555470995956
185,2,62.54692398079692
185,1,62.53983864424462
184,12,67.65210645696966
184,11,67.79764588521715
184,10,68.00702956059891
184,9,68.167524791472
184,8,68.34927859196135
184,7,68.50058067074477
184,6,68.68896027681431
184,5,68.84211133931089
184,4,69.02002945312141
184,3,69.1748006191561
184,2,69.32580394606302
184,1,69.48343008392713
183,12,63.932098673587106
183,11,63.90465272172389
183,10,63.86922530926466
183,9,63.85458833556433
183,8,63.825501380547294
183,7,63.79463133244509
183,6,63.76357529068525
183,5,63.73331187102323
183,4,63.700121594795434
183,3,63.67088264651305
183,2,63.63946011527048
183,1,63.61031503958219
182,12,36.373660484114154
182,11,36.40082620975467
182,10,36.41074595311636
182,9,36.42145432281424
182,8,36.43193275969705
182,7,36.43138600506698
182,6,36.43933506482359
182,5,36.443118125635145
182,4,36.4471768647493
182,3,36.453615584184334
182,2,36.46255336642054
182,1,36.463991257764256
181,12,84.12440324199167
181,11,83.98834484279813
181,10,83.76250050188628
181,9,83.61150548627647
181,8,83.44061236437372
181,7,83.2870661808605
181,6,83.1245280367894
181,5,82.96057258892392
181,4,82.78587258262274
181,3,82.62469114309651
181,2,82.46122227796239
181,1,82.3048379763165
180,12,55.53638698378371
180,11,55.67571577729793
180,10,55.80297705487646
180,9,55.94039186493319
180,8,56.072105414217
180,7,56.203775199335034
180,6,56.328860079787006
180,5,56.45657289499431
180,4,56.58285362216946
180,3,56.71001535477329
180,2,56.837510147039715
180,1,56.96104477554514
179,12,50.092188049346795
179,11,50.279862910600365
179,10,50.46607284266331
179,9,50.63305930222004
179,8,50.8364447832516
179,7,51.01696398227339
179,6,51.17503104866785
179,5,51.35696375217332
179,4,51.532820239877694
179,3,51.70744151516212
179,2,51.87843351906994
179,1,52.0329918974833
178,12,65.40186501146144
178,11,65.33711298220916
178,10,65.24815388364499
178,9,65.18323711215719
178,8,65.12717005736596
178,7,65.07505022181856
178,6,65.01133456989275
178,5,64.94978047646347
178,4,64.88878767408067
178,3,64.8283507795508
178,2,64.77336654755693
178,1,64.71155249344638
177,12,73.54497930222315
177,11,73.44121776018187
177,10,73.34797783014217
177,9,73.25220458895555
177,8,73.15672616045559
177,7,73.06006490339273
177,6,72.96714830612954
177,5,72.87376142540555
177,4,72.77972235936733
177,3,72.68769822337342
177,2,72.59526296266696
177,1,72.50316659088259
176,12,43.76427531563049
176,11,44.049279252063805
176,10,44.324109445577164
176,9,44.5718774410736
176,8,44.83188576101433
176,7,45.08888082973251
176,6,45.351339765534114
176,5,45.60379124873328
176,4,45.85673352840529
176,3,46.10710454737745
176,2,46.359073193510916
176,1,46.60589046528949
175,12,72.3092692578076
175,11,72.12666546823819
175,10,71.93728107339528
175,9,71.74999514822441
175,8,71.55605919862735
175,7,71.37501580428949
175,6,71.19352225701608
175,5,71.01313692159763
175,4,70.83606210873444
175,3,70.66057855833101
175,2,70.48399131589325
175,1,70.30894461219323
174,12,76.954400790758
174,11,76.65928271177768
174,10,76.67171918066487
174,9,76.82268831415028
174,8,76.86569571332427
174,7,77.00281706637095
174,6,77.04387172755283
174,5,77.02559162093522
174,4,77.07481078665299
174,3,77.10321199999652
174,2,77.12572679304365
174,1,77.1713374466672
173,12,67.9860465220804
173,11,67.97230365669607
173,10,67.96209821281832
173,9,67.94332243447565
173,8,67.92877263807759
173,7,67.9183421049452
173,6,67.90392573277332
173,5,67.88825793215968
173,4,67.87816472439032
173,3,67.86137024411296
173,2,67.84533457165591
173,1,67.83471538261281
172,12,73.11562321819747
172,11,73.04434804641068
172,10,72.96756569990734
172,9,72.89355791215583
172,8,72.82159320669068
172,7,72.74933390763769
172,6,72.67624322847905
172,5,72.60435864896553
172,4,72.53347800560927
172,3,72.46126052280128
172,2,72.39147757640845
172,1,72.3194946404828
171,12,79.01310606503988
171,11,79.19989424175553
171,10,79.30601880008686
171,9,79.42299712400745
171,8,79.55207916287569
171,7,79.68863052339708
171,6,79.80718745565886
171,5,79.94128708887847
171,4,80.0598162545019
171,3,80.18682043351542
171,2,80.32846629646427
171,1,80.448591231347
170,12,69.04558028638851
170,11,68.96582730635429
170,10,68.871751219007
170,9,68.78327367220065
170,8,68.69532956603902
170,7,68.60460759576313
170,6,68.52099371545863
170,5,68.43376988920848
170,4,68.34412371172776
170,3,68.25754311738851
170,2,68.17103735139791
170,1,68.0852582826947
169,12,53.462680209875465
169,11,53.548658138451685
169,10,53.62361809741587
169,9,53.68988781390443
169,8,53.76848309584944
169,7,53.84314795111896
169,6,53.90762306045384
169,5,53.97742918721317
169,4,54.044188682923966
169,3,54.1128892966959
169,2,54.1790895829656
169,1,54.24407724868975
168,12,58.311321440652115
168,11,58.3364348602117
168,10,58.36397420384538
168,9,58.38704848650354
168,8,58.40113912503048
168,7,58.43014739927056
168,6,58.448117129184205
168,5,58.47088904588776
168,4,58.49232326998053
168,3,58.51945665222411
168,2,58.53703365443791
168,1,58.55997881961308
167,12,49.265337752216745
167,11,49.238121893094366
167,10,49.206893263563906
167,9,49.18124500923219
167,8,49.15150563483195
167,7,49.12267787350448
167,6,49.094272332818825
167,5,49.06902559948953
167,4,49.03824873800915
167,3,49.01360256523672
167,2,48.982710515882424
167,1,48.95884572101117
166,12,70.95534859451016
166,11,70.89120572206596
166,10,70.82212488264923
166,9,70.75479999851102
166,8,70.68418455091805
166,7,70.61980772706518
166,6,70.54899172524613
166,5,70.48381266888389
166,4,70.41148296948025
166,3,70.34692533981867
166,2,70.27774509218976
166,1,70.21299491814625
165,12,48.68474048812398
165,11,48.68531706792444
165,10,48.66846518558455
165,9,48.633448790492345
165,8,48.617187446347536
165,7,48.59177833567167
165,6,48.59158795032219
165,5,48.577423222333344
165,4,48.56993594631494
165,3,48.56016836948449
165,2,48.54307084044843
165,1,48.530281970750586
164,12,75.13375286549702
164,11,75.13138339269364
164,10,75.13281944900001
164,9,75.12795378349392
164,8,75.11278217642992
164,7,75.10057812566687
164,6,75.09978510145113
164,5,75.09716340940429
164,4,75.09051782583374
164,3,75.08573814607081
164,2,75.0810081480854
164,1,75.07511442065723
163,12,79.30396679123928
163,11,79.182992501144
163,10,79.12496043405493
163,9,79.12764585045966
163,8,79.06658665161018
163,7,79.04015903024825
163,6,78.98168479393816
163,5,78.91668640054061
163,4,78.87854320056815
163,3,78.83524974001658
163,2,78.79139840664374
163,1,78.7407267307185
162,12,56.02097410777871
162,11,56.25923617944875
162,10,56.51520529228253
162,9,56.73812522568523
162,8,56.97858152720334
162,7,57.20557789665976
162,6,57.44090287725166
162,5,57.67172434743132
162,4,57.89700134405579
162,3,58.119591268700866
162,2,58.33538866174482
162,1,58.5491467590332
161,12,84.90443134443997
161,11,84.90703279470026
161,10,84.91089514547582
161,9,84.91672113500995
161,8,84.91732962382635
161,7,84.92238503552745
161,6,84.92042784588408
161,5,84.92320433202528
161,4,84.92504056904924
161,3,84.93227998841849
161,2,84.93127342676947
161,1,84.93872183154416
160,12,73.9499579156963
160,11,73.97065565430418
160,10,73.93217983941639
160,9,73.91042778688261
160,8,73.87172953853438
160,7,73.81177412513576
160,6,73.79998125048775
160,5,73.78343104305505
160,4,73.76309869122692
160,3,73.75121013399334
160,2,73.73142686209043
160,1,73.70734753448484
159,12,63.9814831513363
159,11,64.12229573825297
159,10,64.19979325228495
159,9,64.29538330294392
159,8,64.39363201451594
159,7,64.49955512915334
159,6,64.57975897477638
159,5,64.6682232821694
159,4,64.7641345988273
159,3,64.8550008262668
159,2,64.94340534681588
159,1,65.03302866304925
158,12,64.35032037480303
158,11,64.47602300215554
158,10,64.5533431192677
158,9,64.6326794402638
158,8,64.68621461397811
158,7,64.72422527532737
158,6,64.7641363216007
158,5,64.84088205090003
158,4,64.8913834091424
158,3,64.93613256634642
158,2,64.97983982320464
158,1,65.01608561225021
157,12,67.29599236407424
157,11,67.33992769805884
157,10,67.39126180747853
157,9,67.41413401427283
157,8,67.43452766814369
157,7,67.45498681281728
157,6,67.45306028444318
157,5,67.48815761592951
157,4,67.49889038734895
157,3,67.50913467176191
157,2,67.52569110572001
157,1,67.54887780507514
156,12,60.34346657702078
156,11,60.48419395937395
156,10,60.62510783618318
156,9,60.773011062946125
156,8,60.924923082881065
156,7,61.044358938128575
156,6,61.17562088980295
156,5,61.311427656221476
156,4,61.442218363593874
156,3,61.575035884266285
156,2,61.702246646306605
156,1,61.832436686347805
155,12,54.715580378629994
155,11,54.65617049334519
155,10,54.62013255519996
155,9,54.59915718932979
155,8,54.53893237921283
155,7,54.50428113805485
155,6,54.481068651983804
155,5,54.44414109216783
155,4,54.41008534247232
155,3,54.36931625870425
155,2,54.33616112154507
155,1,54.30020828885217
154,12,64.12673361415155
154,11,64.1150265302025
154,10,64.13597677154361
154,9,64.13548777853113
154,8,64.12306906471089
154,7,64.11300416713712
154,6,64.09686023748289
154,5,64.0963332408173
154,4,64.0940335051892
154,3,64.08215771911303
154,2,64.07601617454876
154,1,64.0634229084511
153,12,73.5501193549868
153,11,73.53815539683865
153,10,73.5078685746695
153,9,73.48047607136752
153,8,73.44535241942877
153,7,73.40900731302573
153,6,73.40267289377809
153,5,73.37349606772293
153,4,73.36434520989812
153,3,73.34327936802369
153,2,73.32196131401143
153,1,73.30126803064977
152,12,51.1600902393344
152,11,51.357057582851176
152,10,51.5698054617422
152,9,51.77675613266501
152,8,51.98358899130929
152,7,52.17754396808541
152,6,52.376866566518906
152,5,52.57248955437487
152,4,52.75521386140784
152,3,52.94927534543106
152,2,53.13801960600397
152,1,53.31994051457662
151,12,62.139802797986
151,11,62.039659508822446
151,10,61.9479450116427
151,9,61.852091130740995
151,8,61.75832873575441
151,7,61.66690444827791
151,6,61.57487853465054
151,5,61.48332586241765
151,4,61.39099150122328
151,3,61.300356741949116
151,2,61.210648754231414
151,1,61.11925044974127
150,12,80.5883428807768
150,11,80.47243371401571
150,10,80.51717184577232
150,9,80.42168068697758
150,8,80.37097993699435
150,7,80.25524180277779
150,6,80.17293881777583
150,5,80.10883225972556
150,4,80.04422559924653
150,3,79.96694135033434
150,2,79.89753424042942
150,1,79.82248332789057
149,12,70.79188197059855
149,11,70.88480196421291
149,10,70.9411215429191
149,9,71.01468448196718
149,8,71.0737004614155
149,7,71.1363314448478
149,6,71.19299212979668
149,5,71.24944791179789
149,4,71.30376068912061
149,3,71.35226779343688
149,2,71.41187296637804
149,1,71.46523134945885
148,12,65.13421230523016
148,11,65.02274740323931
148,10,64.91297621236846
148,9,64.80483684999358
148,8,64.69342094577036
148,7,64.59009317113644
148,6,64.49062409710535
148,5,64.38168724406613
148,4,64.27731236959983
148,3,64.17083851721782
148,2,64.06850262775116
148,1,63.961863668014104
147,12,53.28244984571733
147,11,53.32987515700516
147,10,53.36915406831554
147,9,53.38402759806274
147,8,53.34330693094574
147,7,53.355343270256014
147,6,53.3321387544985
147,5,53.32456646141016
147,4,53.326640554643575
147,3,53.321283891569884
147,2,53.320459124593334
147,1,53.31487267893615
146,12,58.21680350256836
146,11,58.12590657844725
146,10,58.03646366717145
146,9,57.94556852084623
146,8,57.85843034226191
146,7,57.76746339753091
146,6,57.67956664135225
146,5,57.590916551779586
146,4,57.50167998692647
146,3,57.41246175136829
146,2,57.32279093885479
146,1,57.234303495843236
145,12,70.90732097445832
145,11,70.92699921091527
145,10,70.9293146869483
145,9,70.94379612680507
145,8,70.94909575740003
145,7,70.96589317084299
145,6,70.98060427511415
145,5,70.98551152585078
145,4,70.99527248001529
145,3,71.0089508343703
145,2,71.01664214226018
145,1,71.02900674630004
144,12,76.44702556196857
144,11,76.38833850600362
144,10,76.34089489170462
144,9,76.2898712250021
144,8,76.2377924323551
144,7,76.18128637764437
144,6,76.12612310308295
144,5,76.07281104790707
144,4,76.02508172593465
144,3,75.9742755678869
144,2,75.92186641273996
144,1,75.87145415322054
143,12,50.099730775689636
143,11,50.6255584170154
143,10,51.18234213746719
143,9,51.73511349023916
143,8,52.26975298577921
143,7,52.78536566497633
143,6,53.32060117234954
143,5,53.82118485716653
143,4,54.326475316698584
143,3,54.82858069330736
143,2,55.299799658871336
143,1,55.77361522817997
142,12,58.98061472805831
142,11,58.87594979298609
142,10,58.76417319701765
142,9,58.66458516771647
142,8,58.55518925947774
142,7,58.45471957813882
142,6,58.34180009337258
142,5,58.240166799431
142,4,58.13572131375204
142,3,58.029367769059085
142,2,57.925778762824194
142,1,57.821709365682345
141,12,87.02292315074307
141,11,87.00448170302337
141,10,86.95643278007346
141,9,86.9106624744227
141,8,86.86053160717104
141,7,86.83701591352332
141,6,86.7978410678578
141,5,86.76434042065983
141,4,86.73082854935639
141,3,86.69197644494399
141,2,86.66091687806671
141,1,86.62407957868157
140,12,65.13281273960921
140,11,65.32070032911334
140,10,65.50539829774567
140,9,65.64220407893424
140,8,65.79056099266506
140,7,65.96574433741947
140,6,66.10952388543053
140,5,66.27973801755752
140,4,66.42412469301541
140,3,66.56290616041545
140,2,66.71467786403221
140,1,66.8634797983242
139,12,79.92289211203365
139,11,79.81004271335219
139,10,79.7005031111935
139,9,79.59056473975778
139,8,79.47854703406985
139,7,79.36889032439362
139,6,79.26187028681899
139,5,79.15148147817783
139,4,79.04293215778456
139,3,78.93339913224771
139,2,78.82748803002974
139,1,78.71968264111499
138,12,67.9748423683494
138,11,67.90712058755085
138,10,67.83590423757329
138,9,67.76894424391627
138,8,67.6965232469408
138,7,67.62862370277333
138,6,67.55701756407997
138,5,67.48749422939264
138,4,67.41740934670713
138,3,67.34767481813317
138,2,67.27914413751918
138,1,67.20893581977595
137,12,63.90650302417953
137,11,63.89953139084486
137,10,63.89161490639494
137,9,63.87523240480753
137,8,63.86628711252179
137,7,63.85602810762882
137,6,63.83958308704862
137,5,63.82866392913516
137,4,63.818347785960384
137,3,63.80515179544365
137,2,63.794965224606585
137,1,63.78232924326809
136,12,72.79770922796155
136,11,73.11063481099124
136,10,73.37976508794027
136,9,73.61534852697194
136,8,73.90349636888007
136,7,74.1515419905141
136,6,74.4191954323137
136,5,74.67061684138658
136,4,74.93059659959992
136,3,75.1801132546023
136,2,75.43565024182674
136,1,75.6882887132715
135,12,73.61788991069405
135,11,73.44805620355616
135,10,73.29087259557629
135,9,73.12759761961112
135,8,72.959504922925
135,7,72.79562243680616
135,6,72.63209007605232
135,5,72.47014851621303
135,4,72.30694100411955
135,3,72.14328415607412
135,2,71.97952062733658
135,1,71.81533090936023
134,12,47.006542292782875
134,11,46.97035893582235
134,10,46.94030019616649
134,9,46.90728406029002
134,8,46.87278345824094
134,7,46.84135730920661
134,6,46.8109350805589
134,5,46.77918258315464
134,4,46.748090160852485
134,3,46.717472036683915
134,2,46.684952932166546
134,1,46.657096596165175
133,12,35.40871950248501
133,11,35.36246225053075
133,10,35.31602568721148
133,9,35.267232462468755
133,8,35.223193564260136
133,7,35.17541775682234
133,6,35.133607288478366
133,5,35.08846791169857
133,4,35.0423445574695
133,3,34.996854309336825
133,2,34.953381816454026
133,1,34.907732774536306
132,12,35.79228571411428
132,11,35.744863565301316
132,10,35.69375695447676
132,9,35.64219065124558
132,8,35.59763240215853
132,7,35.54874093560966
132,6,35.50044012882429
132,5,35.45128790775023
132,4,35.4051448406862
132,3,35.35650498325737
132,2,35.308901044406106
132,1,35.26350141455988
131,12,37.569756330578535
131,11,37.62073020799871
131,10,37.663649493271386
131,9,37.70833963775565
131,8,37.75872204180865
131,7,37.80156471821499
131,6,37.84346561309023
131,5,37.889995731163744
131,4,37.931710943632325
131,3,37.97516990644174
131,2,38.01489773179749
131,1,38.0566800482094
130,12,27.291502043365806
130,11,27.280781283317772
130,10,27.265385891289487
130,9,27.245250086440656
130,8,27.232805027177683
130,7,27.219065834086503
130,6,27.202848814127275
130,5,27.191799787080498
130,4,27.174343550165286
130,3,27.158160997538978
130,2,27.144757470807058
130,1,27.12898761457761
129,12,29.17130102529563
129,11,29.16534132566744
129,10,29.157956042138718
129,9,29.150468353589442
129,8,29.1428679883822
129,7,29.138442447936345
129,6,29.12984442332729
129,5,29.125040866319363
129,4,29.114988063418284
129,3,29.10742913993242
129,2,29.101867298949948
129,1,29.096024985519772
128,12,38.155550754336595
128,11,38.100948053679666
128,10,38.054037207218556
128,9,38.00197942899573
128,8,37.95569287726064
128,7,37.90575910096453
128,6,37.8576125468559
128,5,37.80953162124757
128,4,37.76233349829583
128,3,37.71319017733517
128,2,37.66444925334213
128,1,37.61850723208907
127,12,46.45406697100885
127,11,46.45273472662941
127,10,46.45497380730155
127,9,46.45971677773902
127,8,46.46235287642251
127,7,46.464680659716315
127,6,46.46665072219336
127,5,46.47095449954245
127,4,46.475517332451524
127,3,46.478948461455765
127,2,46.4805886191179
127,1,46.48729472123454
126,12,43.70994671085077
126,11,43.72050121005779
126,10,43.737452550855444
126,9,43.75100346850789
126,8,43.758598193566286
126,7,43.772424763343906
126,6,43.784106223645104
126,5,43.79317845939955
126,4,43.807430901575145
126,3,43.82182536652182
126,2,43.8341810556729
126,1,43.84685221502659
125,12,26.759757152465596
125,11,26.84829704381757
125,10,26.93226555378235
125,9,27.021139706849986
125,8,27.10911950058202
125,7,27.19426892760058
125,6,27.281549739935105
125,5,27.369654286649038
125,4,27.453548374750316
125,3,27.539991481070423
125,2,27.626050557677036
125,1,27.709393480913107
124,12,36.44138038055507
124,11,36.3840323163762
124,10,36.36813142382149
124,9,36.33288559973163
124,8,36.296023617483634
124,7,36.258025429155545
124,6,36.23524675343998
124,5,36.20590505216572
124,4,36.17465163407231
124,3,36.14146998477455
124,2,36.11176701286773
124,1,36.07700120176512
123,12,41.041101471936074
123,11,41.00260343704406
123,10,40.9644924497513
123,9,40.93097643431138
123,8,40.89266637020869
123,7,40.856840794263725
123,6,40.82112904195158
123,5,40.78395971843229
123,4,40.746340260271765
123,3,40.71114325076362
123,2,40.673284466993714
123,1,40.63803129423919
122,12,58.6338092334993
122,11,58.64114405365385
122,10,58.64195342328937
122,9,58.64768860315575
122,8,58.640106362197805
122,7,58.647941622903076
122,6,58.64231475796234
122,5,58.64261862925467
122,4,58.64070479632699
122,3,58.642476997740964
122,2,58.640603807898785
122,1,58.64214134100595
121,12,54.77912219651741
121,11,54.816105230262245
121,10,54.84382734463129
121,9,54.87041291531052
121,8,54.903172375939214
121,7,54.93058077117322
121,6,54.95717481540284
121,5,54.98393082793835
121,4,55.013337237089935
121,3,55.04275643475228
121,2,55.069498745655736
121,1,55.09930245016486
120,12,42.415806262456734
120,11,42.41756509969571
120,10,42.4111243385291
120,9,42.41018685026589
120,8,42.40700188948027
120,7,42.40293405508166
120,6,42.40066349163641
120,5,42.39584894825912
120,4,42.39543003993183
120,3,42.392916376554346
120,2,42.39189044671125
120,1,42.3870582072366
119,12,48.3827808314632
119,11,48.33450397853748
119,10,48.280038103502456
119,9,48.23284240142754
119,8,48.18530443327566
119,7,48.142863375689195
119,6,48.09404409317752
119,5,48.046145888669734
119,4,47.998553307901204
119,3,47.95204688642915
119,2,47.905067232935444
119,1,47.85985588888561
118,12,93.67928972037657
118,11,93.68560267285432
118,10,93.68973058441362
118,9,93.68430276732478
118,8,93.68455063991343
118,7,93.69254713646217
118,6,93.69244901528633
118,5,93.69870953161679
118,4,93.69800969109858
118,3,93.70059609825996
118,2,93.70359920960951
118,1,93.70860380215325
117,12,85.91050583609012
117,11,85.96305642583974
117,10,86.00613918241656
117,9,86.06856211975918
117,8,86.12339723793482
117,7,86.17341480904105
117,6,86.22196418695233
117,5,86.2717504371575
117,4,86.32240729035385
117,3,86.37110869409872
117,2,86.42081110783374
117,1,86.46823348646721
116,12,81.01016802623835
116,11,80.94300972730525
116,10,80.87001810811529
116,9,80.8045037067263
116,8,80.73171982766097
116,7,80.66647927734459
116,6,80.59325344817093
116,5,80.5263497259453
116,4,80.45485512745678
116,3,80.38759893808572
116,2,80.31816281072999
116,1,80.24772195725666
115,12,97.91461125179448
115,11,97.71706048998061
115,10,97.50165813292989
115,9,97.304281934617
115,8,97.10855859547462
115,7,96.90604736287123
115,6,96.71339694650159
115,5,96.51216168705669
115,4,96.31450947666366
115,3,96.1217978017971
115,2,95.93004812254581
115,1,95.73807943182037
114,12,61.79437692407156
114,11,61.762993799698584
114,10,61.72773587353916
114,9,61.70005338753977
114,8,61.66317976883937
114,7,61.6298005986931
114,6,61.597236341038695
114,5,61.561361537455724
114,4,61.53235990713616
114,3,61.49828289050335
114,2,61.46815058537379
114,1,61.43289232258191
113,12,42.15756772790043
113,11,42.28799587539214
113,10,42.41565804963259
113,9,42.54585203263351
113,8,42.67441978932855
113,7,42.801418932956324
113,6,42.92811809475609
113,5,43.053482215692114
113,4,43.17792567101782
113,3,43.30220008163703
113,2,43.42565496601811
113,1,43.547954515384106
112,12,57.92423278632516
112,11,57.874738748627266
112,10,57.820358497299594
112,9,57.76453271455383
112,8,57.71362543474375
112,7,57.65730016125421
112,6,57.60643606420311
112,5,57.553492819971694
112,4,57.50262784767969
112,3,57.45057732049785
112,2,57.4022438279122
112,1,57.34976203627537
111,12,92.1350400086129
111,11,92.35824393795185
111,10,92.58290770567739
111,9,92.80351656633691
111,8,93.02209420293848
111,7,93.2401201518434
111,6,93.45917005812893
111,5,93.6701753361714
111,4,93.88589345671454
111,3,94.09507467879577
111,2,94.29958524079629
111,1,94.50509356254204
110,12,37.750388633679975
110,11,37.73473280372708
110,10,37.72029070467663
110,9,37.709452775564735
110,8,37.692598384382876
110,7,37.67623246195695
110,6,37.665551502130874
110,5,37.65017077477002
110,4,37.63375186427601
110,3,37.622029527199295
110,2,37.60753069208996
110,1,37.591623886046705
109,12,42.92967913503469
109,11,42.86132489962469
109,10,42.79597947673581
109,9,42.72760528320234
109,8,42.66081097860427
109,7,42.59242820963649
109,6,42.526893815269005
109,5,42.45917755008542
109,4,42.39398379197791
109,3,42.32412553836655
109,2,42.260697106065095
109,1,42.190605324359964
108,12,58.663386454327245
108,11,58.649074306196496
108,10,58.63916769265971
108,9,58.64728634862198
108,8,58.64201833501924
108,7,58.64786951382488
108,6,58.63838340331198
108,5,58.636191936743145
108,4,58.62956971600345
108,3,58.631635547748935
108,2,58.62801046444157
108,1,58.62337309677917
107,12,76.80381186444723
107,11,76.57859230465704
107,10,76.33873014402447
107,9,76.11474148772164
107,8,75.88325077515935
107,7,75.65507365231271
107,6,75.43608257902905
107,5,75.22470823439406
107,4,75.0117242356464
107,3,74.79230861064214
107,2,74.58125945067607
107,1,74.37127867538682
106,12,109.63578042395581
106,11,109.67172140937112
106,10,109.70137729187823
106,9,109.71712913282028
106,8,109.74829556937402
106,7,109.7707937975846
106,6,109.79053525268627
106,5,109.81362060476059
106,4,109.83672500676698
106,3,109.85979855739568
106,2,109.88036141195889
106,1,109.90665478296319
105,12,30.78621290886049
105,11,30.791317822458
105,10,30.781840818498782
105,9,30.77619986197835
105,8,30.77216542422469
105,7,30.770177133427296
105,6,30.763966883362734
105,5,30.762579185828237
105,4,30.75579592350515
105,3,30.75024107223808
105,2,30.749518982871475
105,1,30.74336355737824
104,12,32.406138193789594
104,11,32.39325291273564
104,10,32.380530242657116
104,9,32.364478963345015
104,8,32.357158442387025
104,7,32.34162686120425
104,6,32.33040243797949
104,5,32.32036066410916
104,4,32.30442848356674
104,3,32.29265851604123
104,2,32.28267133944324
104,1,32.266276132750406
103,12,43.977612739949116
103,11,43.986164056498176
103,10,43.988966579747036
103,9,43.994489363542385
103,8,43.99803377808342
103,7,44.00708416094217
103,6,44.00525511195453
103,5,44.01213631368979
103,4,44.01760525971794
103,3,44.02491847221623
103,2,44.02495148971458
103,1,44.03340892817639
102,12,40.97366953622032
102,11,40.99219673636678
102,10,41.006843680630766
102,9,41.036638838640236
102,8,41.05750230202897
102,7,41.06673547383848
102,6,41.08688028808744
102,5,41.11095741403305
102,4,41.12919605378507
102,3,41.149196530015935
102,2,41.170121383061954
102,1,41.19016169887665
101,12,72.44716155642756
101,11,72.26990616757526
101,10,72.10342808870335
101,9,71.9326030576977
101,8,71.76061711219779
101,7,71.57800691884985
101,6,71.40722956017257
101,5,71.23847353737895
101,4,71.0694143240548
101,3,70.8944120324795
101,2,70.7236838107662
101,1,70.558174685547
100,12,71.65252370872663
100,11,71.50308498525044
100,10,71.35988398271485
100,9,71.21037820587787
100,8,71.0673569851737
100,7,70.92245659261226
100,6,70.77928330134341
100,5,70.6319315847071
100,4,70.49152014415007
100,3,70.34374026249361
100,2,70.20252049268086
100,1,70.0597435081795
99,12,42.24626622977666
99,11,42.20557624898393
99,10,42.165122643969745
99,9,42.126189198328596
99,8,42.08422286423517
99,7,42.04309805858418
99,6,42.00504674989526
99,5,41.96961482943638
99,4,41.926915783644844
99,3,41.89088447757603
99,2,41.85025630446383
99,1,41.810849118439805
98,12,96.94275197240714
98,11,96.9977029393477
98,10,97.02859060092396
98,9,97.07849743411938
98,8,97.1329832860492
98,7,97.1705918760361
98,6,97.19646505289025
98,5,97.24049480793418
98,4,97.28547675066453
98,3,97.32409943493921
98,2,97.3636420105718
98,1,97.40217254806667
97,12,37.96334036639731
97,11,38.61338426695429
97,10,39.2435569732288
97,9,39.817117183953265
97,8,40.42301081188442
97,7,40.96721049819811
97,6,41.48477254619017
97,5,42.021502627944336
97,4,42.53501756436071
97,3,43.04119306949953
97,2,43.54217859657128
97,1,44.01513405566109
96,12,35.19885384196096
96,11,35.157183798955444
96,10,35.11832500689015
96,9,35.0816422583392
96,8,35.038952180902385
96,7,35.00042167908293
96,6,34.96233641621456
96,5,34.92302282531467
96,4,34.887212366618115
96,3,34.84649484741628
96,2,34.81058394280406
96,1,34.771476571810894
95,12,37.646543484810906
95,11,37.648235111902174
95,10,37.6456426047779
95,9,37.65323105951323
95,8,37.65465401611765
95,7,37.65587752038736
95,6,37.653852318485775
95,5,37.655367501995606
95,4,37.65558254036633
95,3,37.65796362402749
95,2,37.6571872177563
95,1,37.6611120385292
94,12,45.874510338751996
94,11,45.905185053973135
94,10,45.950388794334046
94,9,45.99192463289161
94,8,46.02935539774606
94,7,46.061302405760294
94,6,46.10248120200107
94,5,46.14360195853867
94,4,46.17863203228705
94,3,46.21644425256413
94,2,46.25460976598194
94,1,46.28907115781826
93,12,31.102109241028142
93,11,31.079748466093225
93,10,31.064043991731936
93,9,31.03870940195164
93,8,31.01792620654271
93,7,30.99812809159619
93,6,30.978385509755245
93,5,30.958412123852632
93,4,30.936455747027246
93,3,30.91607531978379
93,2,30.897297022924334
93,1,30.876455394161894
92,12,35.70433658959495
92,11,35.71151645657156
92,10,35.71706147189113
92,9,35.72393936418939
92,8,35.73050620903156
92,7,35.73703350389662
92,6,35.7372473781754
92,5,35.7430748316154
92,4,35.74826559849568
92,3,35.75505494209436
92,2,35.75653029125877
92,1,35.76397087996172
91,12,23.280219582791776
91,11,23.285610232434312
91,10,23.277525573985624
91,9,23.272949220125373
91,8,23.2785157182011
91,7,23.27969630418955
91,6,23.280659540450845
91,5,23.276897302625216
91,4,23.279448502915592
91,3,23.277099291159676
91,2,23.277039042899652
91,1,23.27590272227729
90,12,25.071611225693385
90,11,25.06700515433548
90,10,25.054262221864644
90,9,25.03842988196454
90,8,25.03168649311444
90,7,25.02189344336194
90,6,25.010523498441376
90,5,24.999101658209444
90,4,24.989448803791365
90,3,24.977562613327095
90,2,24.96994529752481
90,1,24.959843381537134
89,12,30.464407461312867
89,11,30.439134610214392
89,10,30.422184485430275
89,9,30.399766369052244
89,8,30.38378048318506
89,7,30.354811607762805
89,6,30.337339794219094
89,5,30.313793174574194
89,4,30.29259417890437
89,3,30.271613073338717
89,2,30.251761119128535
89,1,30.230122851686698
88,12,38.47078150136974
88,11,38.474801179473154
88,10,38.48241827109169
88,9,38.48539979407437
88,8,38.48412452745524
88,7,38.48616590570829
88,6,38.49012019206592
88,5,38.493353284272345
88,4,38.49607298489912
88,3,38.49806681387564
88,2,38.502101280535626
88,1,38.50810637256778
87,12,38.21536035549721
87,11,38.21602784357679
87,10,38.217326885051136
87,9,38.213394128708565
87,8,38.212229409560045
87,7,38.21119988484283
87,6,38.214526785162995
87,5,38.21123308983031
87,4,38.2095197175251
87,3,38.210068062496475
87,2,38.211261520748465
87,1,38.2101681106617
86,12,37.63160964462393
86,11,37.62387225312661
86,10,37.63308172147649
86,9,37.62544839663318
86,8,37.62348133100641
86,7,37.62550088491798
86,6,37.625024098244765
86,5,37.62989448595186
86,4,37.624868012268294
86,3,37.63076881227735
86,2,37.630093186923894
86,1,37.6315269667365
85,12,35.89833824470744
85,11,35.909187772559285
85,10,35.912024783032436
85,9,35.92156337453735
85,8,35.92885471777062
85,7,35.92887357086562
85,6,35.92743556776083
85,5,35.93267174755141
85,4,35.93565423420472
85,3,35.9423514426631
85,2,35.94449113601679
85,1,35.946643794899494
84,12,30.29220804479187
84,11,30.322425797838687
84,10,30.345764812289893
84,9,30.37434079907582
84,8,30.399148997996406
84,7,30.4197607610658
84,6,30.449851557039494
84,5,30.47174225383405
84,4,30.49968002230614
84,3,30.523130664864418
84,2,30.547843313327384
84,1,30.576402914753018
83,12,64.36593788103275
83,11,64.23175824328257
83,10,64.09427905960516
83,9,63.962442691574545
83,8,63.82507107432005
83,7,63.684150085700814
83,6,63.545862604728555
83,5,63.40828529572742
83,4,63.269198601793875
83,3,63.13409365769195
83,2,62.995556883701305
83,1,62.85751755397311
82,12,70.97522529414408
82,11,70.81954784547305
82,10,70.66767241258971
82,9,70.50773835595251
82,8,70.35841447428561
82,7,70.19690653913761
82,6,70.0445428481553
82,5,69.88671770280003
82,4,69.73419070013753
82,3,69.57974660241469
82,2,69.42805452887184
82,1,69.27579554564491
81,12,64.48041483095741
81,11,64.46952657166139
81,10,64.45664055424672
81,9,64.44273258000516
81,8,64.42954384573372
81,7,64.41414059622448
81,6,64.40024550180382
81,5,64.39103350561231
81,4,64.37268280141213
81,3,64.36085058316807
81,2,64.34850039780399
81,1,64.3339192682709
80,12,44.57149824839485
80,11,45.07498483083894
80,10,45.564982783996875
80,9,46.0383755691281
80,8,46.51178037409939
80,7,46.98483371801189
80,6,47.44530271709616
80,5,47.908807994017614
80,4,48.38052727150974
80,3,48.84585365682207
80,2,49.31008893717756
80,1,49.7780543122399
79,12,23.29815335383773
79,11,23.286258539630655
79,10,23.28660035466654
79,9,23.285447423017448
79,8,23.280100609383773
79,7,23.275937949746076
79,6,23.27307475624596
79,5,23.266370917043407
79,4,23.26285918217768
79,3,23.2606869776149
79,2,23.253684011485728
79,1,23.24909868472217
78,12,23.70425903220944
78,11,23.70527573847885
78,10,23.704607759490425
78,9,23.703371615301666
78,8,23.697217463743264
78,7,23.69520194806715
78,6,23.692650922213982
78,5,23.692682733362908
78,4,23.68707323853984
78,3,23.684690238019463
78,2,23.68471705933797
78,1,23.678895931775468
77,12,24.892670298648596
77,11,24.885618314236716
77,10,24.879655272530925
77,9,24.875082441707118
77,8,24.87273852614559
77,7,24.866291733651742
77,6,24.860249785295245
77,5,24.858567194211012
77,4,24.851591926268984
77,3,24.84581285085628
77,2,24.844448953974332
77,1,24.83838750574853
76,12,29.231258539448685
76,11,29.21643689372238
76,10,29.20363429195218
76,9,29.19470784195535
76,8,29.175498456263806
76,7,29.164070455862014
76,6,29.14808884894828
76,5,29.133563242598207
76,4,29.12039484412428
76,3,29.10598416953169
76,2,29.09218203091522
76,1,29.077377709537373
75,12,31.666221181093622
75,11,31.662242613837822
75,10,31.659353495904472
75,9,31.648593494249095
75,8,31.646672029252347
75,7,31.640182222119886
75,6,31.64284148629939
75,5,31.637003545729133
75,4,31.62879983552594
75,3,31.626867622507756
75,2,31.622324527616634
75,1,31.617090596422173
74,12,31.173915639564242
74,11,31.166842029552182
74,10,31.180147724508092
74,9,31.188352993138622
74,8,31.188849852694204
74,7,31.198430872130444
74,6,31.200499807675193
74,5,31.205022558862257
74,4,31.21465081835922
74,3,31.21776136995312
74,2,31.221001303238204
74,1,31.231867140805388
73,12,29.408565105871045
73,11,29.421881057142805
73,10,29.421686886984162
73,9,29.425338674059983
73,8,29.426879273770428
73,7,29.43417634551645
73,6,29.439759287378536
73,5,29.443801630260445
73,4,29.446071788628156
73,3,29.453376613601648
73,2,29.456798591133385
73,1,29.461742397228072
72,12,22.684356151130054
72,11,22.705982116498042
72,10,22.732432706280992
72,9,22.758376268915406
72,8,22.783969191081766
72,7,22.809359487534806
72,6,22.828676999019596
72,5,22.858387728616577
72,4,22.87959407419372
72,3,22.90700779280936
72,2,22.92940090312264
72,1,22.955359226113128
71,12,30.48296117194809
71,11,30.490041395222505
71,10,30.48911963943366
71,9,30.49018680465662
71,8,30.488216851265367
71,7,30.495031512113467
71,6,30.493376012451055
71,5,30.496815242786955
71,4,30.49661948438565
71,3,30.499685230439518
71,2,30.501022751586042
71,1,30.501768969960583
70,12,35.96839152871607
70,11,35.93122359815697
70,10,35.901438632965245
70,9,35.86863203907929
70,8,35.83959164337213
70,7,35.80996772337802
70,6,35.77906277385332
70,5,35.751119781258076
70,4,35.71940737622689
70,3,35.69220937609348
70,2,35.66048297403762
70,1,35.631989192053204
69,12,44.19585516661049
69,11,44.13393819241734
69,10,44.06974733103985
69,9,44.00471864012749
69,8,43.939268118811356
69,7,43.874257709345926
69,6,43.80909209296718
69,5,43.74327386620607
69,4,43.67969662533162
69,3,43.61445092327593
69,2,43.54971731711305
69,1,43.485151675313695
68,12,48.64348714576358
68,11,48.566529178032866
68,10,48.49552847590465
68,9,48.4237614813523
68,8,48.348733721451715
68,7,48.27755153340669
68,6,48.20851638918881
68,5,48.13643216194972
68,4,48.06521162920177
68,3,47.993159314360796
68,2,47.92213661696153
68,1,47.85107935752496
67,12,76.38680757686735
67,11,76.23197485513508
67,10,76.07782609926655
67,9,75.92075688801356
67,8,75.76845430503447
67,7,75.61498423474964
67,6,75.46182825725602
67,5,75.3076707178783
67,4,75.15647515872791
67,3,75.0042156310427
67,2,74.85190014980087
67,1,74.70086913539782
66,12,59.79785011567761
66,11,59.80237516401264
66,10,59.808016990042915
66,9,59.81135459795785
66,8,59.816116285572804
66,7,59.819610897953915
66,6,59.82614934506148
66,5,59.830920320387186
66,4,59.8347272238264
66,3,59.84127980396907
66,2,59.84621159029034
66,1,59.85158183226858
65,12,47.57502604758078
65,11,47.516370267918695
65,10,47.45625766073673
65,9,47.392874170319494
65,8,47.3257204131443
65,7,47.2630645291003
65,6,47.20270972454167
65,5,47.141177264381575
65,4,47.07499448508626
65,3,47.01176639306478
65,2,46.94785770446976
65,1,46.88461413922658
64,12,78.26564854451135
64,11,78.2225904037137
64,10,78.18631478257767
64,9,78.14510126201226
64,8,78.10937979786172
64,7,78.07067029344014
64,6,78.0312039658425
64,5,77.9956327436924
64,4,77.95402655396397
64,3,77.92014589141363
64,2,77.88027614468852
64,1,77.8432547777893
63,12,91.56948957611542
63,11,91.5816134849531
63,10,91.59431870571095
63,9,91.60931369951614
63,8,91.62568147473928
63,7,91.64245696462895
63,6,91.65487826694046
63,5,91.6708121324868
63,4,91.68731485539683
63,3,91.70202101676264
63,2,91.71833508183624
63,1,91.73460390840096
62,12,82.16213711154872
62,11,82.18031359334995
62,10,82.20196998181828
62,9,82.2171902771355
62,8,82.2382940295025
62,7,82.25721294055268
62,6,82.27443076340919
62,5,82.29358036746203
62,4,82.31329755306349
62,3,82.3318652314132
62,2,82.35009558317408
62,1,82.36957768503713
61,12,68.33274556052883
61,11,68.33837825499938
61,10,68.33980123634554
61,9,68.34267966324953
61,8,68.34839471448205
61,7,68.35109724077749
61,6,68.35699042776147
61,5,68.35997530299693
61,4,68.36829909807591
61,3,68.37074526932554
61,2,68.37539137360416
61,1,68.38400418167998
60,12,52.06290351543101
60,11,51.98167456747057
60,10,51.90089185102892
60,9,51.82634972842282
60,8,51.74783147069001
60,7,51.67075557762461
60,6,51.5986863768355
60,5,51.52215357730899
60,4,51.44365844032993
60,3,51.36876953032103
60,2,51.29536346104789
60,1,51.218620085572056
59,12,41.34662218258285
59,11,41.332760381377625
59,10,41.318442240506954
59,9,41.309427561490594
59,8,41.29687814949654
59,7,41.28513578821798
59,6,41.274983086796404
59,5,41.262915365284734
59,4,41.25251121004338
59,3,41.24012878997739
59,2,41.23134027912327
59,1,41.21822262727709
58,12,39.09667043109296
58,11,39.099944006505496
58,10,39.09050787987744
58,9,39.09286378596994
58,8,39.089450167392314
58,7,39.084577561731074
58,6,39.08103391016292
58,5,39.08179888217828
58,4,39.077328363751434
58,3,39.07557922291506
58,2,39.07384183444763
58,1,39.07054212543832
57,12,49.31217068365723
57,11,49.23273054470747
57,10,49.15057306061713
57,9,49.07195073181498
57,8,48.990175435491686
57,7,48.910458292386124
57,6,48.83304320868078
57,5,48.756020232855036
57,4,48.68095874694126
57,3,48.60513223528953
57,2,48.52897264371232
57,1,48.454535894542694
56,12,94.49726699843885
56,11,94.49921787765193
56,10,94.49790961958338
56,9,94.5067727738773
56,8,94.50854573028688
56,7,94.51650033220852
56,6,94.51951940327915
56,5,94.52382247400585
56,4,94.52429271771229
56,3,94.5342928080043
56,2,94.53574329313182
56,1,94.54156961371702
55,12,75.65561436993407
55,11,75.86592079394602
55,10,76.09815256860462
55,9,76.31951654169116
55,8,76.54775718146664
55,7,76.76397680869026
55,6,76.98221552196355
55,5,77.19370940668772
55,4,77.40955208499233
55,3,77.61808658149008
55,2,77.82237401433603
55,1,78.02673070927464
54,12,55.24868007720323
54,11,55.17081770074701
54,10,55.09378352026815
54,9,55.01548328286234
54,8,54.93828886078321
54,7,54.86237885578531
54,6,54.78444126778633
54,5,54.70895107068687
54,4,54.633467243006
54,3,54.55689037533328
54,2,54.48241486219962
54,1,54.40755558708504
53,12,107.23845420693168
53,11,107.26451973560145
53,10,107.30493646657087
53,9,107.34022146883218
53,8,107.35627445917515
53,7,107.38586554542803
53,6,107.40963762454089
53,5,107.44344173848441
53,4,107.47149185658427
53,3,107.49720406887563
53,2,107.52873004308313
53,1,107.55151316153226
52,12,64.3607523489205
52,11,64.62173633797227
52,10,64.88080282510147
52,9,65.13982675039179
52,8,65.39417917675596
52,7,65.6465176423835
52,6,65.89794682315426
52,5,66.1492016424648
52,4,66.39938749365324
52,3,66.64759558316727
52,2,66.89404756628225
52,1,67.14150136780447
51,12,53.59745669334425
51,11,53.56325040183997
51,10,53.52957411218501
51,9,53.495248183308085
51,8,53.46047517203811
51,7,53.42871360722193
51,6,53.395696274747316
51,5,53.36048357778289
51,4,53.33187592226235
51,3,53.29685485065233
51,2,53.26455287473617
51,1,53.232244251191
50,12,78.7366076601133
50,11,78.89923060681127
50,10,79.05005525447166
50,9,79.20205676236101
50,8,79.34770033940416
50,7,79.4890839616059
50,6,79.63600669127342
50,5,79.77638994098834
50,4,79.91672595843231
50,3,80.05719660181931
50,2,80.19421184645898
50,1,80.3297928856261
49,12,50.37693737211155
49,11,50.30062527099326
49,10,50.22481968643335
49,9,50.15365626740696
49,8,50.078628467620106
49,7,50.00547067421821
49,6,49.93157446993198
49,5,49.86004513136086
49,4,49.78671175504278
49,3,49.71511125946783
49,2,49.64184580801696
49,1,49.569346929067514
48,12,84.80401843592054
48,11,85.02713639451441
48,10,85.25102091957535
48,9,85.48720000684433
48,8,85.70867586162905
48,7,85.91774310137303
48,6,86.13412411960884
48,5,86.34611399876636
48,4,86.5569097573211
48,3,86.76283340320727
48,2,86.96615823556316
48,1,87.16787592016819
47,12,42.56827782984096
47,11,42.5740341634543
47,10,42.57144087555767
47,9,42.56457299659175
47,8,42.558953538791755
47,7,42.55544351996222
47,6,42.55732050110768
47,5,42.550469550400194
47,4,42.54921667997196
47,3,42.54138313981855
47,2,42.53887632310391
47,1,42.53470963216441
46,12,79.3166017794681
46,11,79.01167450114573
46,10,78.62193241654538
46,9,78.24193280608824
46,8,77.88417488068971
46,7,77.4964749854783
46,6,77.15973930449965
46,5,76.81085526739065
46,4,76.46802897833544
46,3,76.12241098345895
46,2,75.78000608785855
46,1,75.43816721386997
45,12,76.62507940299112
45,11,76.79102272908025
45,10,76.9280384960562
45,9,77.08219454749708
45,8,77.2291952343116
45,7,77.38402442182482
45,6,77.53018633773962
45,5,77.67342368479353
45,4,77.81735948573183
45,3,77.95470156558248
45,2,78.093973822471
45,1,78.23212898732042
44,12,35.49324820250655
44,11,35.487537846485665
44,10,35.488756966316515
44,9,35.48581706752369
44,8,35.48757247661839
44,7,35.48124007082024
44,6,35.48119004995216
44,5,35.47996549161568
44,4,35.48219555267298
44,3,35.47662474567326
44,2,35.4771744160142
44,1,35.47597394321804
43,12,36.74339577101458
43,11,36.702797230078566
43,10,36.66345746071859
43,9,36.61695133346408
43,8,36.58855328305456
43,7,36.54538719008819
43,6,36.52348464345004
43,5,36.49129327665957
43,4,36.45596780183396
43,3,36.42005573293914
43,2,36.38572776465606
43,1,36.35516908541478
42,12,50.83204442706169
42,11,50.828875862251046
42,10,50.82995030818215
42,9,50.831706317173285
42,8,50.829127895392105
42,7,50.82528466369085
42,6,50.82061447910493
42,5,50.81897666819097
42,4,50.81932106817731
42,3,50.81676701947439
42,2,50.815923119102216
42,1,50.81330642481555
41,12,49.191433923735964
41,11,49.20553956620626
41,10,49.20909153084552
41,9,49.22217771432644
41,8,49.230757892364444
41,7,49.23682122665435
41,6,49.242850744060235
41,5,49.25223344515344
41,4,49.2565850247742
41,3,49.26512563569436
41,2,49.27585594718534
41,1,49.2796624759738
40,12,22.810659276409996
40,11,22.80939299462154
40,10,22.807533149102895
40,9,22.814829190564378
40,8,22.812247064365614
40,7,22.809904226977086
40,6,22.804895861928735
40,5,22.806229718428167
40,4,22.80623572719649
40,3,22.804010147296324
40,2,22.801404743358113
40,1,22.803483444262813
39,12,24.62535119800832
39,11,24.609783218002658
39,10,24.612059579231584
39,9,24.608366801638837
39,8,24.60420312630475
39,7,24.602321878368155
39,6,24.594713442769226
39,5,24.58875113904769
39,4,24.584004558030838
39,3,24.584009557873188
39,2,24.57694649966509
39,1,24.572685493028295
38,12,28.882286105970557
38,11,28.887097524733598
38,10,28.88221104608172
38,9,28.88183083496251
38,8,28.876400806431487
38,7,28.878338933970074
38,6,28.874970987235244
38,5,28.87271521103057
38,4,28.871954682566155
38,3,28.869039439499932
38,2,28.87144915105675
38,1,28.86732203040068
37,12,27.79858394964372
37,11,27.8025370065704
37,10,27.802628230633644
37,9,27.811472635088045
37,8,27.812793048565197
37,7,27.816367786578184
37,6,27.82037782987912
37,5,27.824332589453682
37,4,27.8308043685614
37,3,27.8364185302842
37,2,27.83628470297007
37,1,27.84366462361147
36,12,70.33264341520707
36,11,70.27996159291077
36,10,70.23608718002035
36,9,70.19112493794694
36,8,70.14618075157298
36,7,70.09852406163128
36,6,70.05491946222834
36,5,70.01251750507852
36,4,69.96411275913708
36,3,69.91981526335
36,2,69.87439173031667
36,1,69.83076476155323
35,12,94.45540420678529
35,11,94.44954768838048
35,10,94.48120773556668
35,9,94.46443221782106
35,8,94.4725346764585
35,7,94.47384849866538
35,6,94.4844733661894
35,5,94.4878518577829
35,4,94.49038472636717
35,3,94.49171888847536
35,2,94.49740395491413
35,1,94.50345306135972
34,12,30.346770127875484
34,11,30.334383326250723
34,10,30.329200636703963
34,9,30.319968008669427
34,8,30.30539533113945
34,7,30.29649791207004
34,6,30.28220748661535
34,5,30.27161932103876
34,4,30.26020124476561
34,3,30.247427495266706
34,2,30.238910170903303
34,1,30.226479627976534
33,12,35.50749596691958
33,11,35.50637211395941
33,10,35.501893193227346
33,9,35.49707120241348
33,8,35.50105233933493
33,7,35.50055741826351
33,6,35.49482285160721
33,5,35.49145519001228
33,4,35.49120154618738
33,3,35.48797697528298
33,2,35.48624025149751
33,1,35.484754891477124
32,12,33.471374391271574
32,11,33.444722537144656
32,10,33.414963366953295
32,9,33.39786579022407
32,8,33.35971562441601
32,7,33.3295787366521
32,6,33.300823706496665
32,5,33.27429196151968
32,4,33.24131608024235
32,3,33.21430779434875
32,2,33.1824892427409
32,1,33.153454260386475
31,12,30.959826113127775
31,11,30.94354665128947
31,10,30.935370022649018
31,9,30.927796956724887
31,8,30.912459681373438
31,7,30.903386421269765
31,6,30.890959346256103
31,5,30.8743487161198
31,4,30.866272514396826
31,3,30.853438362600187
31,2,30.84072465825935
31,1,30.827750028992
30,12,44.520602745989734
30,11,44.451496374827435
30,10,44.3836125497373
30,9,44.31034577222454
30,8,44.24410313384917
30,7,44.17614045547164
30,6,44.11147433658518
30,5,44.04246789142887
30,4,43.97486139419487
30,3,43.90623746338882
30,2,43.83836771795124
30,1,43.77125309684334
29,12,60.86354288498256
29,11,60.95885619783927
29,10,61.03292889937317
29,9,61.118919933783566
29,8,61.19751586061063
29,7,61.28346818196372
29,6,61.367477918239224
29,5,61.4493793064459
29,4,61.531640901221
29,3,61.610234530697866
29,2,61.69186259010223
29,1,61.76818703954241
28,12,42.53714290947757
28,11,42.573276658977
28,10,42.610138164519334
28,9,42.63804788781722
28,8,42.67298977386247
28,7,42.706328338509536
28,6,42.73664251785135
28,5,42.769040358477504
28,4,42.80296948159685
28,3,42.835219241789126
28,2,42.865418643263595
28,1,42.89749834525234
27,12,35.25520529878325
27,11,35.247034849256806
27,10,35.24370542657551
27,9,35.23429705792673
27,8,35.22275403488499
27,7,35.21280782368429
27,6,35.20635960533177
27,5,35.19662533594856
27,4,35.18792175836329
27,3,35.17953466532778
27,2,35.17022905276403
27,1,35.1597731206406
26,12,56.471158385164436
26,11,56.29507865487815
26,10,56.128631203208215
26,9,55.963834677991166
26,8,55.796629060766826
26,7,55.624008634158834
26,6,55.457283425785846
26,5,55.29097239635428
26,4,55.127586860152
26,3,54.959758696507066
26,2,54.793237478263414
26,1,54.62606439541182
25,12,61.53206518730886
25,11,61.540837020844705
25,10,61.559033254163936
25,9,61.56953496550643
25,8,61.581951666943596
25,7,61.60036689766635
25,6,61.611519735385464
25,5,61.62602361000432
25,4,61.64163530148645
25,3,61.65701218267673
25,2,61.67201932364184
25,1,61.685958999112636
24,12,23.04612483675217
24,11,23.039577074846857
24,10,23.033232096220736
24,9,23.023870485017632
24,8,23.01701083672343
24,7,23.01247476824023
24,6,23.00566836568904
24,5,22.997571226059243
24,4,22.993092324238226
24,3,22.987907110764258
24,2,22.980861357598034
24,1,22.97659623678952
23,12,26.74352771097601
23,11,26.732994026268507
23,10,26.720818967097497
23,9,26.707342449695272
23,8,26.692777102157855
23,7,26.67861598845041
23,6,26.66925443464314
23,5,26.651291812603073
23,4,26.635691248944198
23,3,26.623401611106306
23,2,26.608726663293144
23,1,26.595517353298426
22,12,38.53988437715629
22,11,38.488142419990396
22,10,38.43397141130403
22,9,38.38082392230232
22,8,38.32951099045746
22,7,38.28044707809661
22,6,38.228077112843835
22,5,38.17752731131262
22,4,38.12797695366638
22,3,38.07822284075884
22,2,38.02858665764755
22,1,37.97968148959368
21,12,40.12702202485016
21,11,40.150294938437106
21,10,40.175450260920044
21,9,40.20776468514794
21,8,40.23312018097706
21,7,40.245841204528176
21,6,40.27340586674487
21,5,40.29725189708348
21,4,40.32025244831446
21,3,40.34474125710406
21,2,40.36976380545296
21,1,40.39442573165251
20,12,45.22509414380818
20,11,45.2580446627726
20,10,45.24317898522025
20,9,45.209062917640786
20,8,45.22744458296312
20,7,45.192281945710654
20,6,45.18840016394789
20,5,45.17087119152405
20,4,45.15206082071396
20,3,45.14983534323903
20,2,45.130829952804156
20,1,45.12992597622536
19,12,45.51019727004989
19,11,45.44210990065923
19,10,45.35000606293449
19,9,45.27246517706315
19,8,45.112938143775175
19,7,45.045474689605285
19,6,44.98109800076374
19,5,44.84902233090174
19,4,44.78218732697944
19,3,44.68327580780418
19,2,44.59813827304049
19,1,44.51384516887546
18,12,74.67150649374676
18,11,74.21408351197083
18,10,74.30906178010767
18,9,73.99705989204993
18,8,73.81129519922831
18,7,73.67503942483975
18,6,73.31739507483395
18,5,73.07374180650092
18,4,72.96749817117112
18,3,72.76799375663067
18,2,72.54438070253782
18,1,72.36739531247163
17,12,78.08816257762467
17,11,78.18039550705194
17,10,78.30339905094873
17,9,78.37882047200914
17,8,78.4717025861334
17,7,78.55654435168285
17,6,78.64226383029839
17,5,78.72690277293037
17,4,78.81382564007306
17,3,78.89714869288586
17,2,78.98114653347764
17,1,79.06522237437377
16,12,73.34936309884434
16,11,73.46425086263771
16,10,73.55669584726284
16,9,73.65407462683015
16,8,73.74815578190075
16,7,73.83953370181065
16,6,73.9308793849902
16,5,74.02599886684393
16,4,74.11489960469164
16,3,74.20442534788118
16,2,74.29249819300777
16,1,74.38298231007663
15,12,47.61924294248707
15,11,47.64189702170545
15,10,47.649443568050565
15,9,47.66321943717779
15,8,47.67035842355549
15,7,47.68054030186719
15,6,47.696013669422754
15,5,47.705225701669974
15,4,47.71976576538705
15,3,47.73164911594195
15,2,47.74608354387514
15,1,47.757544825577895
14,12,58.653488212126554
14,11,58.691696491091285
14,10,58.737539242477105
14,9,58.783434626067226
14,8,58.82722452907406
14,7,58.86671284624418
14,6,58.908851592960154
14,5,58.95025640381671
14,4,58.993531669958635
14,3,59.032628420134216
14,2,59.071119984006124
14,1,59.11124369306738
13,12,86.8111944254998
13,11,86.84360784874903
13,10,86.86010487693753
13,9,86.89783149049569
13,8,86.92418116747197
13,7,86.95390440039395
13,6,86.98636413481603
13,5,87.0125960278834
13,4,87.04353210738013
13,3,87.07115869780591
13,2,87.1002772735369
13,1,87.13128495891324
12,12,29.97821194692836
12,11,30.07651348963296
12,10,30.16731118780697
12,9,30.260566869979744
12,8,30.348806190604737
12,7,30.43938495807728
12,6,30.529131282301694
12,5,30.61979616671184
12,4,30.708079256709567
12,3,30.79638063332771
12,2,30.884876848531903
12,1,30.973744350735505
11,12,32.660401364849264
11,11,32.6526665121534
11,10,32.64937065918396
11,9,32.649298559069145
11,8,32.64586325763847
11,7,32.647658482920406
11,6,32.64146991967566
11,5,32.63930071052589
11,4,32.63450298978243
11,3,32.63490114910858
11,2,32.631923931295034
11,1,32.629229266892395
10,12,34.25937704702076
10,11,34.25313204595803
10,10,34.2540393733133
10,9,34.24851130683491
10,8,34.24695755563685
10,7,34.24247262681158
10,6,34.244910838723015
10,5,34.240032916488296
10,4,34.23564055513961
10,3,34.2349423915265
10,2,34.23426109334346
10,1,34.23174369911843
9,12,47.66532458917843
9,11,47.67673329359261
9,10,47.67248986917227
9,9,47.682863303271134
9,8,47.680615761155195
9,7,47.685891086357714
9,6,47.68820253432659
9,5,47.68970089454035
9,4,47.68970513253106
9,3,47.693508063871114
9,2,47.69635175744183
9,1,47.6991640491318
8,12,46.814269476525
8,11,46.81606726593156
8,10,46.817919108014294
8,9,46.819528612869625
8,8,46.82907122680178
8,7,46.8304415345137
8,6,46.835131426074504
8,5,46.835439042488964
8,4,46.84212743601796
8,3,46.84573893440625
8,2,46.8498719490385
8,1,46.852731502993365
7,12,39.62848099258444
7,11,39.687270053987554
7,10,39.74839964471683
7,9,39.81107931675679
7,8,39.874519173856065
7,7,39.937254125613855
7,6,39.99940580404386
7,5,40.05753421367341
7,4,40.119277505323765
7,3,40.172431367839216
7,2,40.23733107194766
7,1,40.29081630761886
6,12,28.38280058621214
6,11,28.38071346210066
6,10,28.37292095992548
6,9,28.36869624631044
6,8,28.364314566873237
6,7,28.36115538287134
6,6,28.355864867595802
6,5,28.3524411337415
6,4,28.348603113017095
6,3,28.34404088612771
6,2,28.3397432750872
6,1,28.339056691754305
5,12,30.696226818963876
5,11,30.680792761477488
5,10,30.668761866714775
5,9,30.657642763394396
5,8,30.64308918669749
5,7,30.625916897651365
5,6,30.61423290662107
5,5,30.598663609375436
5,4,30.58443755126788
5,3,30.572557717563893
5,2,30.557413968965218
5,1,30.543450802881996
4,12,39.10501674124017
4,11,39.11906781378317
4,10,39.12398437282682
4,9,39.13947022859067
4,8,39.14901642767466
4,7,39.15530040378209
4,6,39.16925611730849
4,5,39.1816879734041
4,4,39.188153132569084
4,3,39.201519205547484
4,2,39.213096656769785
4,1,39.21986973437726
3,12,51.863307668446794
3,11,51.8536906316151
3,10,51.86570163158973
3,9,51.85595465088409
3,8,51.85883534991152
3,7,51.857116099689556
3,6,51.86176589358484
3,5,51.85934148210643
3,4,51.86227189758573
3,3,51.85894830924079
3,2,51.86370512729247
3,1,51.86160261532582
2,12,54.07881635203147
2,11,54.0813565784919
2,10,54.06015631654571
2,9,54.04329581183143
2,8,54.029544987773406
2,7,54.01050337249008
2,6,54.00010717131687
2,5,53.9907738293902
2,4,53.97592202088189
2,3,53.95831389993492
2,2,53.945739377913114
2,1,53.93217384935691
1,12,68.57784492525771
1,11,68.57823112141114
1,10,68.5721680763214
1,9,68.56548500797281
1,8,68.56832470469956
1,7,68.57173483787797
1,6,68.56920129186253
1,5,68.5675089915328
1,4,68.56917124070053
1,3,68.56603874954644
1,2,68.56654538941152
1,1,68.56753118417383
0,12,47.83475614710526
0,11,48.05469721309532
0,10,48.27870148067237
0,9,48.50134569469206
0,8,48.716464618454864
0,7,48.932170448609135
0,6,49.14397686273576
0,5,49.354010771258814
0,4,49.56215310004149
0,3,49.767820483958715
0,2,49.96674193619523
0,1,50.16441213989106
