product_id,date,year,month,type,order,start_stock,end_stock,label_sum,label_mean,label_std,label_cv,sale_count,label_month,qty_month_count,date_block_num
1042,2020-10-01,2020,10,A1,14312.0,40.0,40.0,2044.0,22.217391304347824,45.66596974903658,2.0554154681562453,0.0,119.0,3,34
1042,2020-11-01,2020,11,A1,16180.0,53.0,44.0,2044.0,22.217391304347824,45.66596974903658,2.0554154681562453,0.0,546.0,3,35
1042,2020-12-01,2020,12,A1,17381.0,44.0,44.0,2044.0,22.217391304347824,45.66596974903658,2.0554154681562453,0.0,1379.0,3,36
1042,2021-01-01,2021,1,A1,15182.0,44.0,44.0,,,,,,0.0,3,37
1042,2021-02-01,2021,2,A1,1128.0,44.0,43.0,,,,,,0.0,3,38
1042,2021-03-01,2021,3,A1,10756.0,43.0,55.0,,,,,,0.0,3,39
1043,2020-09-01,2020,9,A3,15034.0,40.0,69.0,5221.0,42.79508196721312,62.29972056297389,1.455768226141125,0.0,120.0,4,33
1043,2020-10-01,2020,10,A3,14312.0,69.0,62.0,5221.0,42.79508196721312,62.29972056297389,1.455768226141125,0.0,598.0,4,34
1043,2020-11-01,2020,11,A3,16180.0,66.0,67.0,5221.0,42.79508196721312,62.29972056297389,1.455768226141125,0.0,1739.0,4,35
1043,2020-12-01,2020,12,A3,17381.0,67.0,58.0,5221.0,42.79508196721312,62.29972056297389,1.455768226141125,0.0,2764.0,4,36
1043,2021-01-01,2021,1,A3,15182.0,58.0,81.0,,,,,,0.0,4,37
1043,2021-02-01,2021,2,A3,1128.0,72.0,65.0,,,,,,0.0,4,38
1043,2021-03-01,2021,3,A3,10756.0,74.0,81.0,,,,,,0.0,4,39
1044,2020-10-01,2020,10,A3,14312.0,40.0,40.0,5600.0,60.869565217391305,71.39708144853911,1.1729520523688568,0.0,430.0,3,34
1044,2020-11-01,2020,11,A3,16180.0,51.0,50.0,5600.0,60.869565217391305,71.39708144853911,1.1729520523688568,0.0,1945.0,3,35
1044,2020-12-01,2020,12,A3,17381.0,50.0,65.0,5600.0,60.869565217391305,71.39708144853911,1.1729520523688568,0.0,3225.0,3,36
1044,2021-01-01,2021,1,A3,15182.0,65.0,68.0,,,,,,0.0,3,37
1044,2021-02-01,2021,2,A3,1128.0,53.0,46.0,,,,,,0.0,3,38
1044,2021-03-01,2021,3,A3,10756.0,61.0,74.0,,,,,,0.0,3,39
1045,2020-10-01,2020,10,A1,14312.0,40.0,80.0,1577.0,17.141304347826086,40.9579203846585,2.389428456175385,0.0,103.0,3,34
1045,2020-11-01,2020,11,A1,16180.0,56.0,65.0,1577.0,17.141304347826086,40.9579203846585,2.389428456175385,0.0,637.0,3,35
1045,2020-12-01,2020,12,A1,17381.0,65.0,55.0,1577.0,17.141304347826086,40.9579203846585,2.389428456175385,0.0,837.0,3,36
1045,2021-01-01,2021,1,A1,15182.0,55.0,68.0,,,,,,0.0,3,37
1045,2021-02-01,2021,2,A1,1128.0,54.0,51.0,,,,,,0.0,3,38
1045,2021-03-01,2021,3,A1,10756.0,51.0,42.0,,,,,,0.0,3,39
1046,2020-09-01,2020,9,A2,15034.0,40.0,86.0,11305.0,92.6639344262295,113.6381534881398,1.2263471672315838,0.0,120.0,4,33
1046,2020-10-01,2020,10,A2,14312.0,86.0,76.0,11305.0,92.6639344262295,113.6381534881398,1.2263471672315838,0.0,1035.0,4,34
1046,2020-11-01,2020,11,A2,16180.0,92.0,65.0,11305.0,92.6639344262295,113.6381534881398,1.2263471672315838,0.0,3834.0,4,35
1046,2020-12-01,2020,12,A2,17381.0,65.0,102.0,11305.0,92.6639344262295,113.6381534881398,1.2263471672315838,0.0,6316.0,4,36
1046,2021-01-01,2021,1,A2,15182.0,102.0,141.0,,,,,,0.0,4,37
1046,2021-02-01,2021,2,A2,1128.0,141.0,120.0,,,,,,0.0,4,38
1046,2021-03-01,2021,3,A2,10756.0,120.0,104.0,,,,,,0.0,4,39
1047,2020-10-01,2020,10,A1,14312.0,40.0,40.0,3551.0,38.59782608695652,50.73266710617219,1.3143918258991385,0.0,204.0,3,34
1047,2020-11-01,2020,11,A1,16180.0,66.0,56.0,3551.0,38.59782608695652,50.73266710617219,1.3143918258991385,0.0,1353.0,3,35
1047,2020-12-01,2020,12,A1,17381.0,56.0,64.0,3551.0,38.59782608695652,50.73266710617219,1.3143918258991385,0.0,1994.0,3,36
1047,2021-01-01,2021,1,A1,15182.0,64.0,62.0,,,,,,0.0,3,37
1047,2021-02-01,2021,2,A1,1128.0,62.0,59.0,,,,,,0.0,3,38
1047,2021-03-01,2021,3,A1,10756.0,59.0,59.0,,,,,,0.0,3,39
1048,2020-10-01,2020,10,A1,14312.0,40.0,40.0,2634.0,28.630434782608692,48.63402629943979,1.6986827712788386,0.0,112.0,3,34
1048,2020-11-01,2020,11,A1,16180.0,54.0,45.0,2634.0,28.630434782608692,48.63402629943979,1.6986827712788386,0.0,846.0,3,35
1048,2020-12-01,2020,12,A1,17381.0,45.0,60.0,2634.0,28.630434782608692,48.63402629943979,1.6986827712788386,0.0,1676.0,3,36
1048,2021-01-01,2021,1,A1,15182.0,44.0,48.0,,,,,,0.0,3,37
1048,2021-02-01,2021,2,A1,1128.0,48.0,45.0,,,,,,0.0,3,38
1048,2021-03-01,2021,3,A1,10756.0,61.0,75.0,,,,,,0.0,3,39
1049,2020-09-01,2020,9,A3,15034.0,40.0,53.0,4936.0,40.459016393442624,58.91472301092719,1.4561580646947156,0.0,120.0,4,33
1049,2020-10-01,2020,10,A3,14312.0,53.0,47.0,4936.0,40.459016393442624,58.91472301092719,1.4561580646947156,0.0,471.0,4,34
1049,2020-11-01,2020,11,A3,16180.0,55.0,58.0,4936.0,40.459016393442624,58.91472301092719,1.4561580646947156,0.0,1550.0,4,35
1049,2020-12-01,2020,12,A3,17381.0,58.0,59.0,4936.0,40.459016393442624,58.91472301092719,1.4561580646947156,0.0,2795.0,4,36
1049,2021-01-01,2021,1,A3,15182.0,59.0,82.0,,,,,,0.0,4,37
1049,2021-02-01,2021,2,A3,1128.0,58.0,49.0,,,,,,0.0,4,38
1049,2021-03-01,2021,3,A3,10756.0,73.0,54.0,,,,,,0.0,4,39
1050,2020-10-01,2020,10,A3,14312.0,40.0,40.0,5572.0,60.56521739130435,68.48811629457037,1.130815990506187,0.0,321.0,3,34
1050,2020-11-01,2020,11,A3,16180.0,52.0,47.0,5572.0,60.56521739130435,68.48811629457037,1.130815990506187,0.0,2167.0,3,35
1050,2020-12-01,2020,12,A3,17381.0,47.0,41.0,5572.0,60.56521739130435,68.48811629457037,1.130815990506187,0.0,3084.0,3,36
1050,2021-01-01,2021,1,A3,15182.0,41.0,75.0,,,,,,0.0,3,37
1050,2021-02-01,2021,2,A3,1128.0,43.0,55.0,,,,,,0.0,3,38
1050,2021-03-01,2021,3,A3,10756.0,88.0,102.0,,,,,,0.0,3,39
1051,2020-10-01,2020,10,A1,14312.0,40.0,63.0,1981.0,21.532608695652176,44.057517622467,2.0460836048798403,0.0,103.0,3,34
1051,2020-11-01,2020,11,A1,16180.0,56.0,58.0,1981.0,21.532608695652176,44.057517622467,2.0460836048798403,0.0,871.0,3,35
1051,2020-12-01,2020,12,A1,17381.0,58.0,64.0,1981.0,21.532608695652176,44.057517622467,2.0460836048798403,0.0,1007.0,3,36
1051,2021-01-01,2021,1,A1,15182.0,64.0,70.0,,,,,,0.0,3,37
1051,2021-02-01,2021,2,A1,1128.0,54.0,54.0,,,,,,0.0,3,38
1051,2021-03-01,2021,3,A1,10756.0,54.0,52.0,,,,,,0.0,3,39
1052,2020-09-01,2020,9,A2,15034.0,40.0,86.0,11844.0,97.08196721311477,119.71457723564689,1.2331288773006517,0.0,120.0,4,33
1052,2020-10-01,2020,10,A2,14312.0,86.0,79.0,11844.0,97.08196721311477,119.71457723564689,1.2331288773006517,0.0,919.0,4,34
1052,2020-11-01,2020,11,A2,16180.0,79.0,125.0,11844.0,97.08196721311477,119.71457723564689,1.2331288773006517,0.0,4062.0,4,35
1052,2020-12-01,2020,12,A2,17381.0,125.0,82.0,11844.0,97.08196721311477,119.71457723564689,1.2331288773006517,0.0,6743.0,4,36
1052,2021-01-01,2021,1,A2,15182.0,82.0,99.0,,,,,,0.0,4,37
1052,2021-02-01,2021,2,A2,1128.0,99.0,90.0,,,,,,0.0,4,38
1052,2021-03-01,2021,3,A2,10756.0,90.0,143.0,,,,,,0.0,4,39
1053,2020-12-01,2020,12,A1,17381.0,40.0,77.0,662.0,21.35483870967742,44.668817152533286,2.0917421929434017,0.0,662.0,1,36
1053,2021-01-01,2021,1,A1,15182.0,44.0,48.0,,,,,,0.0,1,37
1053,2021-02-01,2021,2,A1,1128.0,48.0,48.0,,,,,,0.0,1,38
1053,2021-03-01,2021,3,A1,10756.0,81.0,58.0,,,,,,0.0,1,39
1054,2020-12-01,2020,12,A3,17381.0,40.0,65.0,1598.0,51.54838709677419,64.04937611441007,1.2425097994660277,0.0,1598.0,1,36
1054,2021-01-01,2021,1,A3,15182.0,65.0,66.0,,,,,,0.0,1,37
1054,2021-02-01,2021,2,A3,1128.0,66.0,64.0,,,,,,0.0,1,38
1054,2021-03-01,2021,3,A3,10756.0,64.0,65.0,,,,,,0.0,1,39
1055,2020-10-01,2020,10,A1,14312.0,40.0,73.0,3279.0,35.641304347826086,60.2089003536559,1.6893012603038555,0.0,686.0,3,34
1055,2020-11-01,2020,11,A1,16180.0,40.0,40.0,3279.0,35.641304347826086,60.2089003536559,1.6893012603038555,0.0,453.0,3,35
1055,2020-12-01,2020,12,A1,17381.0,73.0,74.0,3279.0,35.641304347826086,60.2089003536559,1.6893012603038555,0.0,2140.0,3,36
1055,2021-01-01,2021,1,A1,15182.0,58.0,41.0,,,,,,0.0,3,37
1055,2021-02-01,2021,2,A1,1128.0,41.0,40.0,,,,,,0.0,3,38
1055,2021-03-01,2021,3,A1,10756.0,56.0,91.0,,,,,,0.0,3,39
1056,2020-10-01,2020,10,A2,14312.0,40.0,67.0,8806.0,95.71739130434784,140.5142303291309,1.4680114910606452,0.0,2415.0,3,34
1056,2020-11-01,2020,11,A2,16180.0,69.0,67.0,8806.0,95.71739130434784,140.5142303291309,1.4680114910606452,0.0,1666.0,3,35
1056,2020-12-01,2020,12,A2,17381.0,67.0,84.0,8806.0,95.71739130434784,140.5142303291309,1.4680114910606452,0.0,4725.0,3,36
1056,2021-01-01,2021,1,A2,15182.0,84.0,67.0,,,,,,0.0,3,37
1056,2021-02-01,2021,2,A2,1128.0,67.0,64.0,,,,,,0.0,3,38
1056,2021-03-01,2021,3,A2,10756.0,64.0,159.0,,,,,,0.0,3,39
1057,2020-10-01,2020,10,A1,14312.0,40.0,79.0,3693.0,40.141304347826086,51.64621440160203,1.2866102694144022,0.0,552.0,3,34
1057,2020-11-01,2020,11,A1,16180.0,79.0,87.0,3693.0,40.141304347826086,51.64621440160203,1.2866102694144022,0.0,1345.0,3,35
1057,2020-12-01,2020,12,A1,17381.0,87.0,68.0,3693.0,40.141304347826086,51.64621440160203,1.2866102694144022,0.0,1796.0,3,36
1057,2021-01-01,2021,1,A1,15182.0,68.0,90.0,,,,,,0.0,3,37
1057,2021-02-01,2021,2,A1,1128.0,90.0,86.0,,,,,,0.0,3,38
1057,2021-03-01,2021,3,A1,10756.0,86.0,73.0,,,,,,0.0,3,39
1058,2020-12-01,2020,12,A1,17381.0,73.0,84.0,224.0,7.225806451612903,28.088799283011195,3.887289186488157,0.0,224.0,1,36
1058,2021-01-01,2021,1,A1,15182.0,56.0,56.0,,,,,,0.0,1,37
1058,2021-02-01,2021,2,A1,1128.0,56.0,56.0,,,,,,0.0,1,38
1058,2021-03-01,2021,3,A1,10756.0,84.0,75.0,,,,,,0.0,1,39
1059,2020-12-01,2020,12,A1,17381.0,40.0,78.0,442.0,14.258064516129032,38.03767232795709,2.667800547888393,0.0,442.0,1,36
1059,2021-01-01,2021,1,A1,15182.0,78.0,94.0,,,,,,0.0,1,37
1059,2021-02-01,2021,2,A1,1128.0,53.0,53.0,,,,,,0.0,1,38
1059,2021-03-01,2021,3,A1,10756.0,94.0,86.0,,,,,,0.0,1,39
1060,2020-12-01,2020,12,A1,17381.0,40.0,79.0,136.0,4.387096774193548,24.426321075641383,5.567764362830022,0.0,136.0,1,36
1060,2021-01-01,2021,1,A1,15182.0,79.0,96.0,,,,,,0.0,1,37
1060,2021-02-01,2021,2,A1,1128.0,53.0,53.0,,,,,,0.0,1,38
1060,2021-03-01,2021,3,A1,10756.0,96.0,93.0,,,,,,0.0,1,39
1061,2020-12-01,2020,12,A1,17381.0,40.0,73.0,872.0,28.12903225806452,48.81170756794854,1.7352785947321154,0.0,872.0,1,36
1061,2021-01-01,2021,1,A1,15182.0,73.0,98.0,,,,,,0.0,1,37
1061,2021-02-01,2021,2,A1,1128.0,98.0,97.0,,,,,,0.0,1,38
1061,2021-03-01,2021,3,A1,10756.0,97.0,75.0,,,,,,0.0,1,39
1062,2020-12-01,2020,12,A1,17381.0,73.0,80.0,351.0,11.32258064516129,35.47711665921588,3.133306599531887,0.0,351.0,1,36
1062,2021-01-01,2021,1,A1,15182.0,80.0,79.0,,,,,,0.0,1,37
1062,2021-02-01,2021,2,A1,1128.0,55.0,55.0,,,,,,0.0,1,38
1062,2021-03-01,2021,3,A1,10756.0,79.0,72.0,,,,,,0.0,1,39
1108,2020-09-01,2020,9,A1,15034.0,40.0,40.0,590.0,4.836065573770492,23.864410604145828,4.934674735094561,0.0,488.0,4,33
1108,2020-10-01,2020,10,A1,14312.0,40.0,65.0,590.0,4.836065573770492,23.864410604145828,4.934674735094561,0.0,102.0,4,34
1108,2020-11-01,2020,11,A1,16180.0,40.0,40.0,590.0,4.836065573770492,23.864410604145828,4.934674735094561,0.0,0.0,4,35
1108,2020-12-01,2020,12,A1,17381.0,40.0,40.0,590.0,4.836065573770492,23.864410604145828,4.934674735094561,0.0,0.0,4,36
1108,2021-01-01,2021,1,A1,15182.0,40.0,42.0,,,,,,0.0,4,37
1108,2021-02-01,2021,2,A1,1128.0,40.0,40.0,,,,,,0.0,4,38
1108,2021-03-01,2021,3,A1,10756.0,40.0,106.0,,,,,,0.0,4,39
1109,2020-10-01,2020,10,A3,14312.0,40.0,135.0,19141.0,208.05434782608697,169.6717816767779,0.8155166351947947,0.0,3567.0,3,34
1109,2020-11-01,2020,11,A3,16180.0,122.0,98.0,19141.0,208.05434782608697,169.6717816767779,0.8155166351947947,0.0,7384.0,3,35
1109,2020-12-01,2020,12,A3,17381.0,98.0,101.0,19141.0,208.05434782608697,169.6717816767779,0.8155166351947947,0.0,8190.0,3,36
1109,2021-01-01,2021,1,A3,15182.0,101.0,122.0,,,,,,0.0,3,37
1109,2021-02-01,2021,2,A3,1128.0,122.0,130.0,,,,,,0.0,3,38
1109,2021-03-01,2021,3,A3,10756.0,130.0,174.0,,,,,,0.0,3,39
1110,2020-10-01,2020,10,A3,14312.0,40.0,56.0,10653.0,115.79347826086956,111.62875462038632,0.96403317610772,0.0,925.0,3,34
1110,2020-11-01,2020,11,A3,16180.0,56.0,90.0,10653.0,115.79347826086956,111.62875462038632,0.96403317610772,0.0,4974.0,3,35
1110,2020-12-01,2020,12,A3,17381.0,90.0,134.0,10653.0,115.79347826086956,111.62875462038632,0.96403317610772,0.0,4754.0,3,36
1110,2021-01-01,2021,1,A3,15182.0,134.0,95.0,,,,,,0.0,3,37
1110,2021-02-01,2021,2,A3,1128.0,95.0,141.0,,,,,,0.0,3,38
1110,2021-03-01,2021,3,A3,10756.0,141.0,143.0,,,,,,0.0,3,39
1111,2020-11-01,2020,11,A3,16180.0,40.0,100.0,10650.0,174.59016393442624,110.22845625475308,0.6313554771399001,0.0,5425.0,2,35
1111,2020-12-01,2020,12,A3,17381.0,100.0,105.0,10650.0,174.59016393442624,110.22845625475308,0.6313554771399001,0.0,5225.0,2,36
1111,2021-01-01,2021,1,A3,15182.0,105.0,111.0,,,,,,0.0,2,37
1111,2021-02-01,2021,2,A3,1128.0,111.0,126.0,,,,,,0.0,2,38
1111,2021-03-01,2021,3,A3,10756.0,126.0,129.0,,,,,,0.0,2,39
1112,2020-10-01,2020,10,A1,14312.0,40.0,130.0,6793.0,73.83695652173913,89.32559004445085,1.2097680382878666,0.0,507.0,3,34
1112,2020-11-01,2020,11,A1,16180.0,87.0,99.0,6793.0,73.83695652173913,89.32559004445085,1.2097680382878666,0.0,2871.0,3,35
1112,2020-12-01,2020,12,A1,17381.0,99.0,105.0,6793.0,73.83695652173913,89.32559004445085,1.2097680382878666,0.0,3415.0,3,36
1112,2021-01-01,2021,1,A1,15182.0,105.0,122.0,,,,,,0.0,3,37
1112,2021-02-01,2021,2,A1,1128.0,122.0,134.0,,,,,,0.0,3,38
1112,2021-03-01,2021,3,A1,10756.0,134.0,110.0,,,,,,0.0,3,39
1113,2020-09-01,2020,9,A1,15034.0,40.0,79.0,7975.0,65.3688524590164,56.27371137627849,0.8608642994239468,30.0,556.0,4,33
1113,2020-10-01,2020,10,A1,14312.0,79.0,99.0,7975.0,65.3688524590164,56.27371137627849,0.8608642994239468,31.0,1622.0,4,34
1113,2020-11-01,2020,11,A1,16180.0,72.0,127.0,7975.0,65.3688524590164,56.27371137627849,0.8608642994239468,30.0,2819.0,4,35
1113,2020-12-01,2020,12,A1,17381.0,127.0,101.0,7975.0,65.3688524590164,56.27371137627849,0.8608642994239468,31.0,2978.0,4,36
1113,2021-01-01,2021,1,A1,15182.0,101.0,220.0,,,,,,0.0,4,37
1113,2021-02-01,2021,2,A1,1128.0,220.0,213.0,,,,,,0.0,4,38
1113,2021-03-01,2021,3,A1,10756.0,213.0,179.0,,,,,,0.0,4,39
1114,2020-09-01,2020,9,A1,15034.0,40.0,90.0,3650.0,29.918032786885245,51.13223662763414,1.7090774982387302,30.0,185.0,4,33
1114,2020-10-01,2020,10,A1,14312.0,90.0,82.0,3650.0,29.918032786885245,51.13223662763414,1.7090774982387302,31.0,551.0,4,34
1114,2020-11-01,2020,11,A1,16180.0,80.0,79.0,3650.0,29.918032786885245,51.13223662763414,1.7090774982387302,30.0,938.0,4,35
1114,2020-12-01,2020,12,A1,17381.0,79.0,56.0,3650.0,29.918032786885245,51.13223662763414,1.7090774982387302,31.0,1976.0,4,36
1114,2021-01-01,2021,1,A1,15182.0,56.0,135.0,,,,,,0.0,4,37
1114,2021-02-01,2021,2,A1,1128.0,135.0,123.0,,,,,,0.0,4,38
1114,2021-03-01,2021,3,A1,10756.0,123.0,107.0,,,,,,0.0,4,39
1115,2020-10-01,2020,10,A1,14312.0,90.0,117.0,5570.0,60.54347826086956,56.23819300621168,0.9288893638368896,31.0,413.0,3,34
1115,2020-11-01,2020,11,A1,16180.0,104.0,73.0,5570.0,60.54347826086956,56.23819300621168,0.9288893638368896,30.0,2325.0,3,35
1115,2020-12-01,2020,12,A1,17381.0,73.0,66.0,5570.0,60.54347826086956,56.23819300621168,0.9288893638368896,31.0,2832.0,3,36
1115,2021-01-01,2021,1,A1,15182.0,66.0,157.0,,,,,,0.0,3,37
1115,2021-02-01,2021,2,A1,1128.0,157.0,137.0,,,,,,0.0,3,38
1115,2021-03-01,2021,3,A1,10756.0,137.0,121.0,,,,,,0.0,3,39
1116,2020-09-01,2020,9,A3,15034.0,40.0,82.0,9685.0,79.38524590163935,69.64080768175462,0.8772512686808532,30.0,501.0,4,33
1116,2020-10-01,2020,10,A3,14312.0,82.0,157.0,9685.0,79.38524590163935,69.64080768175462,0.8772512686808532,31.0,1704.0,4,34
1116,2020-11-01,2020,11,A3,16180.0,127.0,90.0,9685.0,79.38524590163935,69.64080768175462,0.8772512686808532,30.0,3340.0,4,35
1116,2020-12-01,2020,12,A3,17381.0,90.0,80.0,9685.0,79.38524590163935,69.64080768175462,0.8772512686808532,31.0,4140.0,4,36
1116,2021-01-01,2021,1,A3,15182.0,80.0,202.0,,,,,,0.0,4,37
1116,2021-02-01,2021,2,A3,1128.0,202.0,156.0,,,,,,0.0,4,38
1116,2021-03-01,2021,3,A3,10756.0,156.0,125.0,,,,,,0.0,4,39
1118,2020-10-01,2020,10,A3,14312.0,40.0,154.0,18618.0,202.3695652173913,158.40112646614276,0.782731960193637,0.0,3795.0,3,34
1118,2020-11-01,2020,11,A3,16180.0,139.0,125.0,18618.0,202.3695652173913,158.40112646614276,0.782731960193637,0.0,7271.0,3,35
1118,2020-12-01,2020,12,A3,17381.0,109.0,91.0,18618.0,202.3695652173913,158.40112646614276,0.782731960193637,0.0,7552.0,3,36
1118,2021-01-01,2021,1,A3,15182.0,91.0,89.0,,,,,,0.0,3,37
1118,2021-02-01,2021,2,A3,1128.0,89.0,127.0,,,,,,0.0,3,38
1118,2021-03-01,2021,3,A3,10756.0,144.0,108.0,,,,,,0.0,3,39
1119,2020-10-01,2020,10,A1,14312.0,40.0,84.0,8272.0,89.91304347826087,102.97483445626312,1.1452713696779746,0.0,126.0,3,34
1119,2020-11-01,2020,11,A1,16180.0,68.0,94.0,8272.0,89.91304347826087,102.97483445626312,1.1452713696779746,0.0,4309.0,3,35
1119,2020-12-01,2020,12,A1,17381.0,94.0,71.0,8272.0,89.91304347826087,102.97483445626312,1.1452713696779746,0.0,3837.0,3,36
1119,2021-01-01,2021,1,A1,15182.0,71.0,98.0,,,,,,0.0,3,37
1119,2021-02-01,2021,2,A1,1128.0,98.0,105.0,,,,,,0.0,3,38
1119,2021-03-01,2021,3,A1,10756.0,105.0,90.0,,,,,,0.0,3,39
1120,2020-11-01,2020,11,A3,16180.0,56.0,103.0,4967.0,81.42622950819673,100.42218530059206,1.2332903771564556,0.0,1852.0,2,35
1120,2020-12-01,2020,12,A3,17381.0,103.0,97.0,4967.0,81.42622950819673,100.42218530059206,1.2332903771564556,0.0,3115.0,2,36
1120,2021-01-01,2021,1,A3,15182.0,97.0,114.0,,,,,,0.0,2,37
1120,2021-02-01,2021,2,A3,1128.0,114.0,91.0,,,,,,0.0,2,38
1120,2021-03-01,2021,3,A3,10756.0,91.0,102.0,,,,,,0.0,2,39
1121,2020-10-01,2020,10,A3,14312.0,40.0,85.0,8565.0,93.09782608695652,116.19177589842997,1.24806110714017,0.0,1010.0,3,34
1121,2020-11-01,2020,11,A3,16180.0,73.0,91.0,8565.0,93.09782608695652,116.19177589842997,1.24806110714017,0.0,3870.0,3,35
1121,2020-12-01,2020,12,A3,17381.0,91.0,111.0,8565.0,93.09782608695652,116.19177589842997,1.24806110714017,0.0,3685.0,3,36
1121,2021-01-01,2021,1,A3,15182.0,111.0,102.0,,,,,,0.0,3,37
1121,2021-02-01,2021,2,A3,1128.0,102.0,112.0,,,,,,0.0,3,38
1121,2021-03-01,2021,3,A3,10756.0,112.0,112.0,,,,,,0.0,3,39
1122,2020-09-01,2020,9,A2,15034.0,40.0,40.0,1400.0,11.475409836065571,35.599055868888804,3.1022034400031675,0.0,149.0,4,33
1122,2020-10-01,2020,10,A2,14312.0,40.0,96.0,1400.0,11.475409836065571,35.599055868888804,3.1022034400031675,0.0,102.0,4,34
1122,2020-11-01,2020,11,A2,16180.0,40.0,40.0,1400.0,11.475409836065571,35.599055868888804,3.1022034400031675,0.0,0.0,4,35
1122,2020-12-01,2020,12,A2,17381.0,40.0,40.0,1400.0,11.475409836065571,35.599055868888804,3.1022034400031675,0.0,1149.0,4,36
1122,2021-01-01,2021,1,A2,15182.0,40.0,40.0,,,,,,0.0,4,37
1122,2021-02-01,2021,2,A2,1128.0,40.0,74.0,,,,,,0.0,4,38
1122,2021-03-01,2021,3,A2,10756.0,74.0,88.0,,,,,,0.0,4,39
1123,2020-09-01,2020,9,A3,15034.0,40.0,40.0,456.0,3.737704918032787,20.393972241326004,5.456282047021431,0.0,112.0,4,33
1123,2020-10-01,2020,10,A3,14312.0,40.0,56.0,456.0,3.737704918032787,20.393972241326004,5.456282047021431,0.0,0.0,4,34
1123,2020-11-01,2020,11,A3,16180.0,40.0,40.0,456.0,3.737704918032787,20.393972241326004,5.456282047021431,0.0,0.0,4,35
1123,2020-12-01,2020,12,A3,17381.0,40.0,40.0,456.0,3.737704918032787,20.393972241326004,5.456282047021431,0.0,344.0,4,36
1123,2021-01-01,2021,1,A3,15182.0,40.0,40.0,,,,,,0.0,4,37
1123,2021-02-01,2021,2,A3,1128.0,40.0,53.0,,,,,,0.0,4,38
1123,2021-03-01,2021,3,A3,10756.0,53.0,83.0,,,,,,0.0,4,39
1124,2020-09-01,2020,9,A1,15034.0,40.0,40.0,410.0,3.360655737704918,18.328528805157703,5.453854912754244,0.0,102.0,4,33
1124,2020-10-01,2020,10,A1,14312.0,40.0,50.0,410.0,3.360655737704918,18.328528805157703,5.453854912754244,0.0,0.0,4,34
1124,2020-11-01,2020,11,A1,16180.0,40.0,40.0,410.0,3.360655737704918,18.328528805157703,5.453854912754244,0.0,0.0,4,35
1124,2020-12-01,2020,12,A1,17381.0,40.0,41.0,410.0,3.360655737704918,18.328528805157703,5.453854912754244,0.0,308.0,4,36
1124,2021-01-01,2021,1,A1,15182.0,41.0,40.0,,,,,,0.0,4,37
1124,2021-02-01,2021,2,A1,1128.0,40.0,53.0,,,,,,0.0,4,38
1124,2021-03-01,2021,3,A1,10756.0,53.0,71.0,,,,,,0.0,4,39
1125,2020-09-01,2020,9,A1,15034.0,40.0,40.0,308.0,2.5245901639344264,15.965983009730714,6.324188075282945,0.0,103.0,4,33
1125,2020-10-01,2020,10,A1,14312.0,40.0,43.0,308.0,2.5245901639344264,15.965983009730714,6.324188075282945,0.0,0.0,4,34
1125,2020-11-01,2020,11,A1,16180.0,40.0,40.0,308.0,2.5245901639344264,15.965983009730714,6.324188075282945,0.0,0.0,4,35
1125,2020-12-01,2020,12,A1,17381.0,40.0,41.0,308.0,2.5245901639344264,15.965983009730714,6.324188075282945,0.0,205.0,4,36
1125,2021-01-01,2021,1,A1,15182.0,41.0,41.0,,,,,,0.0,4,37
1125,2021-02-01,2021,2,A1,1128.0,41.0,57.0,,,,,,0.0,4,38
1125,2021-03-01,2021,3,A1,10756.0,57.0,65.0,,,,,,0.0,4,39
1126,2020-10-01,2020,10,A3,14312.0,40.0,90.0,9541.0,103.70652173913044,136.84872036190848,1.3195768025674015,0.0,1990.0,3,34
1126,2020-11-01,2020,11,A3,16180.0,73.0,73.0,9541.0,103.70652173913044,136.84872036190848,1.3195768025674015,0.0,3597.0,3,35
1126,2020-12-01,2020,12,A3,17381.0,73.0,85.0,9541.0,103.70652173913044,136.84872036190848,1.3195768025674015,0.0,3954.0,3,36
1126,2021-01-01,2021,1,A3,15182.0,85.0,98.0,,,,,,0.0,3,37
1126,2021-02-01,2021,2,A3,1128.0,98.0,114.0,,,,,,0.0,3,38
1126,2021-03-01,2021,3,A3,10756.0,114.0,114.0,,,,,,0.0,3,39
1127,2020-10-01,2020,10,A1,14312.0,40.0,73.0,3385.0,36.79347826086956,83.26305963545099,2.262984190978284,0.0,185.0,3,34
1127,2020-11-01,2020,11,A1,16180.0,73.0,56.0,3385.0,36.79347826086956,83.26305963545099,2.262984190978284,0.0,1465.0,3,35
1127,2020-12-01,2020,12,A1,17381.0,56.0,106.0,3385.0,36.79347826086956,83.26305963545099,2.262984190978284,0.0,1735.0,3,36
1127,2021-01-01,2021,1,A1,15182.0,106.0,122.0,,,,,,0.0,3,37
1127,2021-02-01,2021,2,A1,1128.0,122.0,106.0,,,,,,0.0,3,38
1127,2021-03-01,2021,3,A1,10756.0,106.0,56.0,,,,,,0.0,3,39
1128,2020-10-01,2020,10,A1,14312.0,40.0,90.0,1864.0,20.26086956521739,59.47847880531066,2.935633074081857,0.0,185.0,3,34
1128,2020-11-01,2020,11,A1,16180.0,90.0,73.0,1864.0,20.26086956521739,59.47847880531066,2.935633074081857,0.0,555.0,3,35
1128,2020-12-01,2020,12,A1,17381.0,73.0,70.0,1864.0,20.26086956521739,59.47847880531066,2.935633074081857,0.0,1124.0,3,36
1128,2021-01-01,2021,1,A1,15182.0,70.0,73.0,,,,,,0.0,3,37
1128,2021-02-01,2021,2,A1,1128.0,73.0,73.0,,,,,,0.0,3,38
1128,2021-03-01,2021,3,A1,10756.0,73.0,90.0,,,,,,0.0,3,39
1129,2020-10-01,2020,10,A3,14312.0,40.0,73.0,11906.0,129.41304347826087,154.05337680466846,1.1904006942742733,0.0,2702.0,3,34
1129,2020-11-01,2020,11,A3,16180.0,73.0,73.0,11906.0,129.41304347826087,154.05337680466846,1.1904006942742733,0.0,4645.0,3,35
1129,2020-12-01,2020,12,A3,17381.0,73.0,85.0,11906.0,129.41304347826087,154.05337680466846,1.1904006942742733,0.0,4559.0,3,36
1129,2021-01-01,2021,1,A3,15182.0,85.0,101.0,,,,,,0.0,3,37
1129,2021-02-01,2021,2,A3,1128.0,101.0,118.0,,,,,,0.0,3,38
1129,2021-03-01,2021,3,A3,10756.0,118.0,101.0,,,,,,0.0,3,39
1130,2020-12-01,2020,12,A1,17381.0,40.0,49.0,982.0,31.677419354838708,55.719169111281744,1.7589554403765113,0.0,982.0,1,36
1130,2021-01-01,2021,1,A1,15182.0,49.0,49.0,,,,,,0.0,1,37
1130,2021-02-01,2021,2,A1,1128.0,49.0,70.0,,,,,,0.0,1,38
1130,2021-03-01,2021,3,A1,10756.0,70.0,85.0,,,,,,0.0,1,39
1132,2020-11-01,2020,11,A1,16180.0,40.0,64.0,5604.0,91.8688524590164,76.55923097180728,0.8333535134333055,0.0,1183.0,2,35
1132,2020-12-01,2020,12,A1,17381.0,64.0,55.0,5604.0,91.8688524590164,76.55923097180728,0.8333535134333055,0.0,4421.0,2,36
1132,2021-01-01,2021,1,A1,15182.0,55.0,66.0,,,,,,0.0,2,37
1132,2021-02-01,2021,2,A1,1128.0,66.0,77.0,,,,,,0.0,2,38
1132,2021-03-01,2021,3,A1,10756.0,77.0,65.0,,,,,,0.0,2,39
1133,2020-11-01,2020,11,A3,16180.0,40.0,62.0,3913.0,64.14754098360656,58.091260405667946,0.905588265971312,0.0,1126.0,2,35
1133,2020-12-01,2020,12,A3,17381.0,62.0,84.0,3913.0,64.14754098360656,58.091260405667946,0.905588265971312,0.0,2787.0,2,36
1133,2021-01-01,2021,1,A3,15182.0,84.0,55.0,,,,,,0.0,2,37
1133,2021-02-01,2021,2,A3,1128.0,55.0,60.0,,,,,,0.0,2,38
1133,2021-03-01,2021,3,A3,10756.0,60.0,67.0,,,,,,0.0,2,39
1134,2020-11-01,2020,11,A1,16180.0,40.0,65.0,3265.0,53.52459016393443,55.20555725570178,1.0314055107497118,0.0,877.0,2,35
1134,2020-12-01,2020,12,A1,17381.0,65.0,73.0,3265.0,53.52459016393443,55.20555725570178,1.0314055107497118,0.0,2388.0,2,36
1134,2021-01-01,2021,1,A1,15182.0,73.0,54.0,,,,,,0.0,2,37
1134,2021-02-01,2021,2,A1,1128.0,54.0,66.0,,,,,,0.0,2,38
1134,2021-03-01,2021,3,A1,10756.0,66.0,63.0,,,,,,0.0,2,39
1135,2020-11-01,2020,11,A1,16180.0,40.0,62.0,2720.0,44.59016393442623,52.20388780195727,1.17074895438213,0.0,628.0,2,35
1135,2020-12-01,2020,12,A1,17381.0,62.0,58.0,2720.0,44.59016393442623,52.20388780195727,1.17074895438213,0.0,2092.0,2,36
1135,2021-01-01,2021,1,A1,15182.0,58.0,63.0,,,,,,0.0,2,37
1135,2021-02-01,2021,2,A1,1128.0,63.0,65.0,,,,,,0.0,2,38
1135,2021-03-01,2021,3,A1,10756.0,65.0,55.0,,,,,,0.0,2,39
1136,2020-12-01,2020,12,A2,17381.0,40.0,40.0,562.0,18.12903225806452,42.39476534941853,2.3385012915159686,0.0,562.0,1,36
1136,2021-01-01,2021,1,A2,15182.0,40.0,40.0,,,,,,0.0,1,37
1136,2021-02-01,2021,2,A2,1128.0,40.0,40.0,,,,,,0.0,1,38
1136,2021-03-01,2021,3,A2,10756.0,40.0,89.0,,,,,,0.0,1,39
1137,2020-12-01,2020,12,A3,17381.0,40.0,41.0,210.0,6.774193548387097,26.226843344709955,3.871581636600041,0.0,210.0,1,36
1137,2021-01-01,2021,1,A3,15182.0,41.0,41.0,,,,,,0.0,1,37
1137,2021-02-01,2021,2,A3,1128.0,41.0,40.0,,,,,,0.0,1,38
1137,2021-03-01,2021,3,A3,10756.0,40.0,63.0,,,,,,0.0,1,39
1138,2020-12-01,2020,12,A1,17381.0,40.0,42.0,205.0,6.612903225806452,25.597756958185272,3.870880320506065,0.0,205.0,1,36
1138,2021-01-01,2021,1,A1,15182.0,42.0,41.0,,,,,,0.0,1,37
1138,2021-02-01,2021,2,A1,1128.0,41.0,41.0,,,,,,0.0,1,38
1138,2021-03-01,2021,3,A1,10756.0,41.0,75.0,,,,,,0.0,1,39
1139,2020-12-01,2020,12,A1,17381.0,40.0,41.0,102.0,3.290322580645161,18.31974080673104,5.5677643628300215,0.0,102.0,1,36
1139,2021-01-01,2021,1,A1,15182.0,41.0,40.0,,,,,,0.0,1,37
1139,2021-02-01,2021,2,A1,1128.0,40.0,40.0,,,,,,0.0,1,38
1139,2021-03-01,2021,3,A1,10756.0,40.0,69.0,,,,,,0.0,1,39
